USE `cmm`;
SET NAMES utf8mb4;
SET sql_mode = 'NO_AUTO_VALUE_ON_ZERO';

-- ===== employee (1 stmt) =====
-- 직원 테이블 데이터 삽입
INSERT INTO employee (id, employee_name, grade, resident_number, education, department)
VALUES
    -- 개발자 70명 (1~70번)
    (1, '이동현', '사원', '920101-1234561', '명지대학교 컴퓨터공학과', '개발자'),
    (2, '이주영', '사원', '920102-2345672', '명지대학교 컴퓨터공학과', '개발자'),
    (3, '최경봉', '사원', '920103-3456781', '명지대학교 컴퓨터공학과', '개발자'),
    (4, '최혁', '사원', '920104-4567892', '명지대학교 컴퓨터공학과', '개발자'),
    (5, '허건', '사원', '920105-5678901', '명지대학교 컴퓨터공학과', '개발자'),
    (6, '김철수', '사원', '920106-6789012', '서울대학교 컴퓨터공학과', '개발자'),
    (7, '이영희', '사원', '920107-7890121', '고려대학교 소프트웨어학과', '개발자'),
    (8, '박민수', '사원', '920108-8901232', '연세대학교 전산학과', '개발자'),
    (9, '최유리', '대리', '920109-9012341', '한양대학교 정보통신공학과', '개발자'),
    (10, '정하영', '과장', '920110-0123452', '성균관대학교 컴퓨터공학과', '개발자'),
    (11, '김현우', '사원', '920111-1234561', 'KAIST 전산학부', '개발자'),
    (12, '박지수', '사원', '920112-2345672', '서울대학교 컴퓨터공학과', '개발자'),
    (13, '이상훈', '대리', '920113-3456781', '고려대학교 소프트웨어학과', '개발자'),
    (14, '최준영', '대리', '920114-4567892', '연세대학교 전산학과', '개발자'),
    (15, '정민수', '과장', '920115-5678901', '한양대학교 정보통신공학과', '개발자'),
    (16, '장혜린', '사원', '920116-6789012', '경희대학교 경영학과', '개발자'),
    (17, '이은진', '사원', '920117-7890121', '이화여자대학교 광고홍보학과', '개발자'),
    (18, '윤지수', '대리', '920118-8901232', '중앙대학교 경제학과', '개발자'),
    (19, '박선영', '대리', '920119-9012341', '서울대학교 경영학과', '개발자'),
    (20, '오상혁', '부장', '920120-0123452', 'KAIST 전산학부', '개발자'),
    (21, '강현수', '사원', '920121-1234561', '서울대학교 컴퓨터공학과', '개발자'),
    (22, '김다은', '사원', '920122-2345672', '고려대학교 소프트웨어학과', '개발자'),
    (23, '박지훈', '대리', '920123-3456781', '연세대학교 전산학과', '개발자'),
    (24, '이정민', '대리', '920124-4567892', '한양대학교 정보통신공학과', '개발자'),
    (25, '강은지', '과장', '920125-5678901', '성균관대학교 컴퓨터공학과', '개발자'),
    (26, '장유진', '사원', '920126-6789012', 'KAIST 전산학부', '개발자'),
    (27, '최진혁', '사원', '920127-7890121', '서울대학교 컴퓨터공학과', '개발자'),
    (28, '김재민', '사원', '920128-8901232', '고려대학교 소프트웨어학과', '개발자'),
    (29, '박정수', '대리', '920129-9012341', '연세대학교 전산학과', '개발자'),
    (30, '이유미', '대리', '920130-0123452', '한양대학교 정보통신공학과', '개발자'),
    (31, '정지훈', '과장', '920131-1234561', '성균관대학교 컴퓨터공학과', '개발자'),
    (32, '오영진', '사원', '920132-2345672', 'KAIST 전산학부', '개발자'),
    (33, '강지원', '사원', '920133-3456781', '서울대학교 컴퓨터공학과', '개발자'),
    (34, '김수빈', '사원', '920134-4567892', '고려대학교 소프트웨어학과', '개발자'),
    (35, '박시우', '대리', '920135-5678901', '연세대학교 전산학과', '개발자'),
    (36, '이채영', '대리', '920136-6789012', '한양대학교 정보통신공학과', '개발자'),
    (37, '정세은', '과장', '920137-7890121', '성균관대학교 컴퓨터공학과', '개발자'),
    (38, '오민재', '사원', '920138-8901232', 'KAIST 전산학부', '개발자'),
    (39, '강현아', '사원', '920139-9012341', '서울대학교 컴퓨터공학과', '개발자'),
    (40, '김성호', '사원', '920140-0123452', '고려대학교 소프트웨어학과', '개발자'),
    (41, '윤하은', '사원', '920141-1234561', '서울대학교 컴퓨터공학과', '개발자'),
    (42, '이한솔', '사원', '920142-2345672', '고려대학교 전산학과', '개발자'),
    (43, '박정환', '사원', '920143-3456781', '연세대학교 공학과', '개발자'),
    (44, '김민혁', '사원', '920144-4567892', 'KAIST 데이터과학과', '개발자'),
    (45, '이정하', '사원', '920145-5678901', '성균관대학교 소프트웨어학과', '개발자'),
    (46, '최수현', '사원', '920146-6789012', '서울대학교 컴퓨터공학과', '개발자'),
    (47, '박지은', '사원', '920147-7890121', '고려대학교 소프트웨어학과', '개발자'),
    (48, '김태희', '사원', '920148-8901232', '연세대학교 전산학과', '개발자'),
    (49, '이성민', '대리', '920149-9012341', '한양대학교 정보통신공학과', '개발자'),
    (50, '박보검', '대리', '920150-0123452', '성균관대학교 컴퓨터공학과', '개발자'),
    (51, '김지현', '과장', '920151-3456781', 'KAIST 전산학부', '개발자'),
    (52, '이준호', '과장', '920152-4567892', '서울대학교 컴퓨터공학과', '개발자'),
    (53, '박보영', '부장', '920153-5678901', '고려대학교 소프트웨어학과', '개발자'),
    (54, '김태연', '부장', '920154-6789012', '연세대학교 전산학과', '개발자'),
    (55, '이승기', '사원', '920155-7890121', '한양대학교 정보통신공학과', '개발자'),
    (56, '박신혜', '사원', '920156-8901232', '성균관대학교 컴퓨터공학과', '개발자'),
    (57, '김수현', '사원', '920157-9012341', 'KAIST 전산학부', '개발자'),
    (58, '이민호', '사원', '920158-0123452', '서울대학교 컴퓨터공학과', '개발자'),
    (59, '박서준', '대리', '920159-1234561', '고려대학교 소프트웨어학과', '개발자'),
    (60, '김소연', '대리', '920160-2345672', '연세대학교 전산학과', '개발자'),
    (61, '이승기', '과장', '920161-3456781', '한양대학교 정보통신공학과', '개발자'),
    (62, '박보검', '과장', '920162-4567892', '성균관대학교 컴퓨터공학과', '개발자'),
    (63, '김태연', '부장', '920163-5678901', 'KAIST 전산학부', '개발자'),
    (64, '이승기', '부장', '920164-6789012', '서울대학교 컴퓨터공학과', '개발자'),
    (65, '박보영', '사원', '920165-7890121', '고려대학교 소프트웨어학과', '개발자'),
    (66, '김소연', '사원', '920166-8901232', '연세대학교 전산학과', '개발자'),
    (67, '이민호', '대리', '920167-9012341', '한양대학교 정보통신공학과', '개발자'),
    (68, '박서준', '대리', '920168-0123452', '성균관대학교 컴퓨터공학과', '개발자'),
    (69, '김지현', '과장', '920169-1234561', 'KAIST 전산학부', '개발자'),
    (70, '오상혁', '부장', '920170-2345672', '서울대학교 컴퓨터공학과', '개발자'),

    -- 마케팅 10명 (71~80번)
    (71, '장혜린', '사원', '910101-2234561', '경희대학교 경영학과', '마케팅'),
    (72, '김현우', '사원', '920102-3234562', '이화여자대학교 광고홍보학과', '마케팅'),
    (73, '서준영', '대리', '930103-4234561', '중앙대학교 경제학과', '마케팅'),
    (74, '윤지수', '과장', '940104-5234562', '서울대학교 경영학과', '마케팅'),
    (75, '이은진', '부장', '950105-6234561', '연세대학교 경영학과', '마케팅'),
    (76, '홍길동', '사원', '950106-7234562', '고려대학교 마케팅학과', '마케팅'),
    (77, '임수진', '사원', '950107-8234561', '한양대학교 경영학과', '마케팅'),
    (78, '차민석', '대리', '950108-9234562', '성균관대학교 마케팅학과', '마케팅'),
    (79, '전혜수', '과장', '950109-1234571', 'KAIST 경영학과', '마케팅'),
    (80, '이서윤', '사원', '950110-2234572', '중앙대학교 경영학과', '마케팅'),

    -- 경영관리 10명 (81~90번) 
    (81, '홍길동', '이사', '810107-8234561', '한양대학교 행정학과', '경영관리'),
    (82, '임수진', '이사', '820108-9234562', '고려대학교 법학과', '경영관리'),
    (83, '차민석', '이사', '830109-1234571', '서울대학교 행정학과', '경영관리'),
    (84, '전혜수', '이사', '840110-2234572', '성균관대학교 경영학과', '경영관리'),
    (85, '윤지민', '이사', '850111-3234571', '이화여자대학교 경제학과', '경영관리'),
    (86, '김태희', '이사', '850112-4234572', '연세대학교 행정학과', '경영관리'),
    (87, '이준호', '이사', '850113-5234571', '고려대학교 경영학과', '경영관리'),
    (88, '박보검', '이사', '850114-6234572', '한양대학교 경제학과', '경영관리'),
    (89, '김소연', '이사', '850115-7234571', '성균관대학교 행정학과', '경영관리'),
    (90, '이승기', '이사', '850116-8234572', '중앙대학교 경영학과', '경영관리'),

    -- 연구개발 10명 (91~100번)
    (91, '최진혁', '사원', '910113-5234571', 'KAIST 기계공학과', '연구개발'),
    (92, '김다은', '사원', '920114-6234572', '서울대학교 전자공학과', '연구개발'),
    (93, '박지훈', '대리', '930115-7234571', '한양대학교 신소재공학과', '연구개발'),
    (94, '이정민', '과장', '940116-8234572', '연세대학교 화학공학과', '연구개발'),
    (95, '강은지', '부장', '950117-9234571', '성균관대학교 재료공학과', '연구개발'),
    (96, '장유진', '사원', '950118-1234581', '고려대학교 바이오공학과', '연구개발'),
    (97, '김지수', '사원', '950119-2234582', '연세대학교 생명공학과', '연구개발'),
    (98, '이수민', '대리', '950120-3234581', 'KAIST 생명과학과', '연구개발'),
    (99, '박서준', '과장', '950121-4234582', '서울대학교 생명공학과', '연구개발'),
    (100, '최민호', '사원', '950122-5234581', '고려대학교 화학공학과', '연구개발'),

    (101, '이경주', '이사', '111111-1111111', '중앙대학교 경영학과', '경영관리');


-- ===== customer (1 stmt) =====
-- 발주처 테이블 데이터 삽입
INSERT INTO customer (id, customer_name)
VALUES
    (1, '이커머스 주식회사'),
    (2, '물류솔루션 유한회사'),
    (3, '데이터랩스 주식회사'),
    (4, '클라우드테크 주식회사'),
    (5, '모바일마스터즈'),
    (6, '빅데이터솔루션'),
    (7, 'IoT네트워크스'),
    (8, '블록체인컨설팅'),
    (9, '금융데이터랩'),
    (10, 'ERP솔루션 주식회사'),
    (11, 'AI챗봇서비스'),
    (12, '스마트팩토리코리아'),
    (13, '자율주행테크'),
    (14, '클라우드네이티브랩');

-- ===== study (1 stmt) =====
-- 스터디 테이블 데이터 삽입
INSERT INTO study (id, study_name, category)
VALUES
    -- 알고리즘 카테고리
    (1, '알고리즘 정복', '알고리즘'),
    (2, '문제 해결 마스터', '알고리즘'),

    -- 데이터 카테고리
    (3, '데이터 분석의 길', '데이터'),
    (4, '클라우드 완전 정복', '데이터'),

    -- AI 카테고리
    (5, '인공지능 혁명', 'AI'),
    (6, 'AI 프로젝트 실전', 'AI');

-- ===== developer (1 stmt) =====
-- 개발자 테이블 데이터 삽입
INSERT INTO developer (id, tech)
VALUES
    (1, 'Java, Spring Boot, MySQL'),
    (2, 'JavaScript, React, Node.js'),
    (3, 'Python, Django, PostgreSQL'),
    (4, 'C#, .NET, SQL Server'),
    (5, 'Ruby, Ruby on Rails, MongoDB'),
    (6, 'Go, Gin, Redis'),
    (7, 'TypeScript, Angular, Firebase'),
    (8, 'Kotlin, Android Development, SQLite'),
    (9, 'Swift, iOS Development, Core Data'),
    (10, 'PHP, Laravel, MariaDB'),
    (11, 'Rust, Actix, SQLite'),
    (12, 'Scala, Play Framework, Cassandra'),
    (13, 'Java, Spring Boot, Oracle DB'),
    (14, 'JavaScript, Vue.js, Express.js'),
    (15, 'Python, Flask, MySQL'),
    (16, 'Java, Spring Boot, Hibernate'),
    (17, 'JavaScript, Next.js, GraphQL'),
    (18, 'C++, Qt, MySQL'),
    (19, 'Java, Spring Boot, Docker'),
    (20, 'C#, ASP.NET, Azure'),
    (21, 'JavaScript, Svelte, Node.js'),
    (22, 'Python, FastAPI, PostgreSQL'),
    (23, 'Java, Spring Boot, Elasticsearch'),
    (24, 'JavaScript, React Native, Redux'),
    (25, 'Java, Spring Boot, Microservices'),
    (26, 'Go, Kubernetes, Docker'),
    (27, 'Java, Spring Boot, AWS'),
    (28, 'JavaScript, Ember.js, Node.js'),
    (29, 'Python, Tornado, Redis'),
    (30, 'Java, Spring Boot, JPA'),
    (31, 'Java, Spring Boot, OAuth2'),
    (32, 'Go, Fiber, MongoDB'),
    (33, 'Java, Spring Boot, Thymeleaf'),
    (34, 'JavaScript, Backbone.js, Node.js'),
    (35, 'Python, Pyramid, SQLite'),
    (36, 'Java, Spring Boot, GraphQL'),
    (37, 'Java, Spring Boot, WebSockets'),
    (38, 'Go, Echo, PostgreSQL'),
    (39, 'Java, Spring Boot, MVC'),
    (40, 'Java, Spring Boot, REST APIs'),
    (41, 'Java, Spring Boot, Security'),
    (42, 'Java, Spring Boot, Swagger'),
    (43, 'Java, Spring Boot, SOAP'),
    (44, 'Java, Spring Boot, gRPC'),
    (45, 'Java, Spring Boot, JWT'),
    (46, 'Java, Spring Boot, WebFlux'),
    (47, 'Java, Spring Boot, Cloud Functions'),
    (48, 'Java, Spring Boot, Kafka'),
    (49, 'Java, Spring Boot, Reactive Programming'),
    (50, 'Java, Spring Boot, CI/CD'),
    (51, 'Java, Spring Boot, Docker Compose'),
    (52, 'Java, Spring Boot, Terraform'),
    (53, 'Java, Spring Boot, Ansible'),
    (54, 'Java, Spring Boot, Puppet'),
    (55, 'Java, Spring Boot, Helm'),
    (56, 'Java, Spring Boot, Prometheus'),
    (57, 'Java, Spring Boot, Grafana'),
    (58, 'Java, Spring Boot, Logstash'),
    (59, 'Java, Spring Boot, Kibana'),
    (60, 'Java, Spring Boot, Fluentd'),
    (61, 'Java, Spring Boot, Consul'),
    (62, 'Java, Spring Boot, Vault'),
    (63, 'Java, Spring Boot, Istio'),
    (64, 'Java, Spring Boot, Envoy'),
    (65, 'Java, Spring Boot, Linkerd'),
    (66, 'Java, Spring Boot, Traefik'),
    (67, 'Java, Spring Boot, NGINX'),
    (68, 'Java, Spring Boot, Apache HTTPD'),
    (69, 'Java, Spring Boot, HAProxy'),
    (70, 'Java, Spring Boot, Caddy');

-- ===== hr_records (1 stmt) =====
-- hr_records 테이블 데이터 삽입
INSERT INTO hr_records (id, employee_id, employment_data, promotion_date)
VALUES
    -- 이사 (10명)
    (1, 81, '2010-01-01', '2013-01-01'),
    (2, 82, '2010-01-01', '2013-01-01'),
    (3, 83, '2010-01-01', '2013-01-01'),
    (4, 84, '2010-01-01', '2013-01-01'),
    (5, 85, '2010-01-01', '2013-01-01'),
    (6, 86, '2010-02-01', '2013-02-01'),
    (7, 87, '2010-02-01', '2013-02-01'),
    (8, 88, '2010-02-01', '2013-02-01'),
    (9, 89, '2010-02-01', '2013-02-01'),
    (10, 90, '2010-02-01', '2013-02-01'),

    -- 부장 (8명)
    (11, 20, '2015-01-01', '2018-01-01'),
    (12, 53, '2015-01-01', '2018-01-01'),
    (13, 54, '2015-01-01', '2018-01-01'),
    (14, 63, '2015-02-01', '2018-02-01'),
    (15, 64, '2015-02-01', '2018-02-01'),
    (16, 70, '2015-02-01', '2018-02-01'),
    (17, 75, '2015-02-01', '2018-02-01'),
    (18, 95, '2015-02-01', '2018-02-01'),

    -- 과장 (14명)
    (19, 10, '2018-01-01', '2021-01-01'),
    (20, 15, '2018-01-01', '2021-02-01'),
    (21, 25, '2018-01-01', '2021-03-01'),
    (22, 31, '2018-01-01', '2021-04-01'),
    (23, 37, '2018-01-01', '2021-05-01'),
    (24, 51, '2018-02-01', '2021-06-01'),
    (25, 52, '2018-02-01', '2021-07-01'),
    (26, 61, '2018-02-01', '2021-08-01'),
    (27, 62, '2018-02-01', '2021-09-01'),
    (28, 69, '2018-02-01', '2021-10-01'),
    (29, 74, '2018-03-01', '2021-11-01'),
    (30, 79, '2018-03-01', '2021-12-01'),
    (31, 94, '2018-03-01', '2022-01-01'),
    (32, 99, '2018-03-01', '2022-02-01'),

    -- 대리 (21명)
    (33, 9, '2020-01-01', '2023-01-01'),
    (34, 13, '2020-01-01', '2023-02-01'),
    (35, 14, '2020-01-01', '2023-03-01'),
    (36, 18, '2020-01-01', '2023-04-01'),
    (37, 19, '2020-01-01', '2023-05-01'),
    (38, 23, '2020-02-01', '2023-06-01'),
    (39, 24, '2020-02-01', '2023-07-01'),
    (40, 29, '2020-02-01', '2023-08-01'),
    (41, 30, '2020-02-01', '2023-09-01'),
    (42, 35, '2020-03-01', '2023-10-01'),
    (43, 36, '2020-03-01', '2023-11-01'),
    (44, 49, '2020-03-01', '2023-12-01'),
    (45, 50, '2021-01-01', '2024-01-01'),
    (46, 59, '2021-02-01', '2024-02-01'),
    (47, 60, '2021-02-01', '2024-03-01'),
    (48, 67, '2021-02-01', '2024-04-01'),
    (49, 68, '2021-02-01', '2024-05-01'),
    (50, 73, '2021-03-01', '2024-06-01'),
    (51, 78, '2021-03-01', '2024-07-01'),
    (52, 93, '2021-03-01', '2024-08-01'),
    (53, 98, '2021-03-01', '2024-09-01'),

    -- 사원 (47명)
    (54, 1, '2023-01-01', NULL),
    (55, 2, '2023-01-01', NULL),
    (56, 3, '2023-01-01', NULL),
    (57, 4, '2023-01-01', NULL),
    (58, 5, '2023-01-01', NULL),
    (59, 6, '2023-01-01', NULL),
    (60, 7, '2023-01-01', NULL),
    (61, 8, '2023-01-01', NULL),
    (62, 11, '2023-01-01', NULL),
    (63, 12, '2023-01-01', NULL),
    (64, 16, '2023-01-01', NULL),
    (65, 17, '2023-01-01', NULL),
    (66, 21, '2023-01-01', NULL),
    (67, 22, '2023-01-01', NULL),
    (68, 26, '2023-01-01', NULL),
    (69, 27, '2023-01-01', NULL),
    (70, 28, '2023-01-01', NULL),
    (71, 32, '2023-01-01', NULL),
    (72, 33, '2023-01-01', NULL),
    (73, 34, '2023-01-01', NULL),
    (74, 38, '2023-01-01', NULL),
    (75, 39, '2023-01-01', NULL),
    (76, 40, '2023-01-01', NULL),
    (77, 41, '2023-01-01', NULL),
    (78, 42, '2023-01-01', NULL),
    (79, 43, '2023-01-01', NULL),
    (80, 44, '2023-01-01', NULL),
    (81, 45, '2023-01-01', NULL),
    (82, 46, '2023-01-01', NULL),
    (83, 47, '2023-01-01', NULL),
    (84, 48, '2023-01-01', NULL),
    (85, 55, '2023-02-01', NULL),
    (86, 56, '2023-02-01', NULL),
    (87, 57, '2023-02-01', NULL),
    (88, 58, '2023-02-01', NULL),
    (89, 65, '2023-02-01', NULL),
    (90, 66, '2023-02-01', NULL),
    (91, 71, '2023-02-01', NULL),
    (92, 72, '2023-02-01', NULL),
    (93, 76, '2023-02-01', NULL),
    (94, 77, '2023-02-01', NULL),
    (95, 80, '2023-02-01', NULL),
    (96, 91, '2023-02-01', NULL),
    (97, 92, '2023-02-01', NULL),
    (98, 96, '2023-02-01', NULL),
    (99, 97, '2023-02-01', NULL),
    (100, 100, '2023-02-01', NULL);

-- ===== leave_records (1 stmt) =====
-- 휴가 테이블 데이터 삽입 (연가 집중 수정)
INSERT INTO leave_records (id, employee_id, leave_type, start_date, end_date)
VALUES
    -- 연가 
    (1, 5, '연가', '2024-07-01', '2024-07-07'),
    (2, 10, '연가', '2024-07-03', '2024-07-10'),
    (3, 15, '연가', '2024-07-05', '2024-07-12'),
    (4, 20, '연가', '2024-07-10', '2024-07-20'),
    (5, 25, '연가', '2024-07-15', '2024-07-25'),
    (6, 30, '연가', '2024-07-20', '2024-07-27'),
    (7, 35, '연가', '2024-07-25', '2024-08-02'),
    (8, 40, '연가', '2024-08-01', '2024-08-07'),
    (9, 45, '연가', '2024-08-03', '2024-08-10'),
    (10, 50, '연가', '2024-08-05', '2024-08-12'),
    (11, 55, '연가', '2024-08-07', '2024-08-15'),
    (12, 60, '연가', '2024-07-01', '2024-07-10'),
    (13, 65, '연가', '2024-07-05', '2024-07-15'),
    (14, 70, '연가', '2024-07-10', '2024-07-20'),
    (15, 75, '연가', '2024-07-15', '2024-07-22'),
    (16, 80, '연가', '2024-08-01', '2024-08-07'),
    (17, 85, '연가', '2024-08-03', '2024-08-12'),
    (18, 90, '연가', '2024-08-05', '2024-08-15'),
    (19, 95, '연가', '2024-07-01', '2024-07-10'),
    (20, 3, '연가', '2024-07-05', '2024-07-12'),
    (21, 8, '연가', '2024-07-10', '2024-07-18'),
    (22, 13, '연가', '2024-08-01', '2024-08-07'),
    (23, 18, '연가', '2024-08-05', '2024-08-12'),
    (24, 23, '연가', '2024-08-07', '2024-08-15'),
    (25, 28, '연가', '2024-07-01', '2024-07-08'),
    (26, 33, '연가', '2024-07-05', '2024-07-12'),
    (27, 38, '연가', '2024-08-01', '2024-08-07'),
    (28, 43, '연가', '2024-08-03', '2024-08-10'),
    (29, 48, '연가', '2024-07-15', '2024-07-22'),
    (30, 53, '연가', '2024-07-20', '2024-07-27'),

    -- 병가 
    (31, 4, '병가', '2024-01-02', '2024-01-03'),
    (32, 9, '병가', '2024-02-01', '2024-02-04'),
    (33, 15, '병가', '2024-03-10', '2024-03-12'),
    (34, 20, '병가', '2024-04-12', '2024-04-15'),
    (35, 25, '병가', '2024-05-14', '2024-05-16'),
    (36, 29, '병가', '2024-06-02', '2024-06-03'),
    (37, 34, '병가', '2024-07-02', '2024-07-06'),
    (38, 39, '병가', '2024-08-02', '2024-08-04'),
    (39, 44, '병가', '2024-09-02', '2024-09-06'),
    (40, 49, '병가', '2024-10-02', '2024-10-05'),
    (41, 54, '병가', '2024-01-20', '2024-01-22'),
    (42, 59, '병가', '2024-02-20', '2024-02-23'),
    (43, 64, '병가', '2024-03-20', '2024-03-25'),
    (44, 69, '병가', '2024-04-20', '2024-04-22'),
    (45, 74, '병가', '2024-05-20', '2024-05-25'),
    (46, 79, '병가', '2024-06-20', '2024-06-22'),
    (47, 84, '병가', '2024-07-20', '2024-07-21'),
    (48, 89, '병가', '2024-08-20', '2024-08-23'),
    (49, 94, '병가', '2024-09-20', '2024-09-22'),
    (50, 99, '병가', '2024-10-20', '2024-10-24');

-- ===== management (1 stmt) =====
-- management 테이블 데이터 삽입
INSERT INTO management (id, permission_level)
VALUES
    (81, '접근 권한'),
    (82, '접근 권한'),
    (83, '접근 권한'),
    (84, '접근 권한'),
    (85, '접근 권한'),
    (86, '접근 권한'),
    (87, '접근 권한'),
    (88, '접근 권한'),
    (89, '접근 권한'),
    (90, '접근 권한');

-- ===== career (1 stmt) =====
-- Career 테이블 데이터 삽입
INSERT INTO career (id, employee_id, company_name, start_time, end_time)
VALUES
    (1, 2, '넥스트소프트', '2015-01-01', '2017-12-31'),
    (2, 3, '아이티글로벌', '2014-03-01', '2016-12-31'),
    (3, 4, '한솔테크', '2014-01-01', '2016-12-31'),
    (4, 4, '블루솔루션', '2017-01-01', '2019-12-31'),
    (5, 5, '퓨처테크', '2013-05-01', '2015-12-31'),
    (6, 7, '블루코어', '2016-01-01', '2018-12-31'),
    (7, 8, '에이스아이티', '2014-07-01', '2017-06-30'),
    (8, 8, '넥스트랩', '2017-07-01', '2020-06-30'),
    (9, 10, '스타트업랩', '2015-09-01', '2018-08-31'),
    (10, 13, '넥스트소프트', '2013-01-01', '2014-12-31'),
    (11, 13, '알파네트워크', '2015-01-01', '2016-12-31'),
    (12, 13, '디지털앤컴퍼니', '2017-01-01', '2019-12-31'),
    (13, 17, '스마트솔루션', '2014-02-01', '2016-11-30'),
    (14, 18, '글로벌테크', '2015-06-01', '2017-12-31'),
    (15, 18, '파워테크', '2018-01-01', '2020-12-31'),
    (16, 20, '넥스트레벨', '2016-05-01', '2019-04-30'),
    (17, 21, '넥스트랩', '2014-05-01', '2017-04-30'),
    (18, 21, '소프트캠퍼스', '2018-01-01', '2021-12-31'),
    (19, 23, '한빛소프트', '2014-01-01', '2016-06-30'),
    (20, 23, '테크인사이트', '2012-03-01', '2014-02-28'),
    (21, 23, '클라우드컴퍼니', '2017-01-01', '2020-12-31'),
    (22, 24, '퓨처테크', '2013-10-01', '2016-03-31'),
    (23, 30, '에코테크', '2016-04-01', '2018-09-30'),
    (24, 31, '비전아이티', '2017-07-01', '2019-06-30'),
    (25, 32, '넥슨디지털', '2014-01-01', '2016-09-30'),
    (26, 33, '제이앤소프트', '2015-02-01', '2017-12-31'),
    (27, 34, '넥스트컴퍼니', '2016-05-01', '2018-04-30'),
    (28, 34, '퓨처랩', '2013-06-01', '2015-05-31'),
    (29, 35, '알파소프트', '2017-01-01', '2019-06-30'),
    (30, 38, '비즈웍스', '2014-06-01', '2016-12-31'),
    (31, 39, '하이테크아이티', '2015-09-01', '2018-02-28'),
    (32, 40, '유니온테크', '2016-10-01', '2019-03-31'),
    (33, 40, '에코솔루션', '2015-01-01', '2017-12-31'),
    (34, 40, '클라우드비전', '2018-01-01', '2020-12-31'),
    (35, 43, '데이터인사이트', '2014-04-01', '2017-12-31'),
    (36, 46, '솔라아이티', '2015-08-01', '2019-07-31'),
    (37, 46, '알파테크', '2014-01-01', '2016-12-31'),
    (38, 46, '비전랩', '2017-01-01', '2020-12-31'),
    (39, 47, '소프트코리아', '2014-10-01', '2017-03-31'),
    (40, 48, '클라우드소프트', '2015-03-01', '2018-06-30'),
    (41, 49, '테크비전', '2016-05-01', '2019-04-30'),
    (42, 50, '데브네트웍스', '2017-01-01', '2020-06-30'),
    (43, 55, '네오솔루션', '2014-03-01', '2016-09-30'),
    (44, 56, '스타트랩', '2015-11-01', '2018-10-31'),
    (45, 57, '네오캠퍼스', '2015-04-01', '2018-03-31'),
    (46, 57, '데브테크', '2018-04-01', '2021-03-31'),
    (47, 59, '에이스네트웍스', '2014-08-01', '2017-07-31'),
    (48, 59, '데이터소프트', '2012-06-01', '2014-05-31'),
    (49, 59, '알파랩', '2017-06-01', '2020-12-31');

-- ===== project (1 stmt) =====
-- 프로젝트 테이블 데이터 삽입
INSERT INTO project (id, customer_id, project_name, start_date, end_date)
VALUES
    (1, 1, '전자상거래 시스템 개발', '2024-01-01', '2024-03-30'),
    (2, 2, '물류 관리 시스템 구축', '2024-02-01', '2023-06-30'),
    (3, 3, 'AI 기반 데이터 분석 플랫폼', '2024-03-01', '2024-06-15'),
    (4, 4, '클라우드 인프라 설계 및 구현', '2024-04-01', '2024-09-01'),
    (5, 5, '모바일 앱 개발 프로젝트', '2024-07-01', NULL),
    (6, 6, '빅데이터 처리 플랫폼', '2024-07-12', NULL),
    (7, 7, 'IoT 센서 네트워크 구축', '2024-07-17', NULL),
    (8, 8, '블록체인 기반 계약 시스템', '2024-08-01', NULL),
    (9, 9, '금융 데이터 분석 플랫폼', '2024-08-12', NULL),
    (10, 10, '차세대 ERP 시스템 개발', '2024-08-15', NULL),
    (11, 11, 'AI 챗봇 서비스 구축', '2024-09-12', NULL),
    (12, 12, '스마트 팩토리 자동화', '2024-09-20', NULL),
    (13, 13, '자율주행 차량 시뮬레이터', '2024-10-15', NULL),
    (14, 14, '클라우드 네이티브 애플리케이션', '2024-10-20', NULL);

-- ===== output (1 stmt) =====
INSERT INTO output (id, project_id, output_type, output_name)
VALUES
    (1, 1, '설계서', '전자상거래 시스템 설계 문서'),
    (2, 1, '코드', '전자상거래 플랫폼 소스코드'),
    (3, 1, '테스트결과', '전자상거래 시스템 테스트 결과'),
    (4, 1, '최종보고서', '전자상거래 프로젝트 최종보고서'),
    (5, 2, '설계서', '물류 관리 시스템 설계 문서'),
    (6, 2, '코드', '물류 관리 시스템 소스코드'),
    (7, 2, '테스트결과', '물류 관리 시스템 테스트 결과'),
    (8, 2, '최종보고서', '물류 관리 시스템 최종보고서'),
    (9, 3, '설계서', 'AI 데이터 분석 모델 설계 문서'),
    (10, 3, '코드', 'AI 데이터 분석 플랫폼 소스코드'),
    (11, 3, '테스트결과', 'AI 분석 플랫폼 테스트 결과'),
    (12, 3, '최종보고서', 'AI 데이터 분석 플랫폼 최종보고서'),
    (13, 4, '설계서', '클라우드 인프라 설계 문서'),
    (14, 4, '코드', '클라우드 자동화 스크립트'),
    (15, 4, '테스트결과', '클라우드 시스템 테스트 결과'),
    (16, 4, '최종보고서', '클라우드 프로젝트 최종보고서'),
    (17, 5, '설계서', '모바일 앱 설계 문서'),
    (18, 6, '설계서', '빅데이터 처리 플랫폼 설계 문서'),
    (19, 6, '코드', '빅데이터 처리 플랫폼 소스코드'),
    (20, 7, '설계서', 'IoT 센서 네트워크 설계 문서'),
    (21, 8, '설계서', '블록체인 계약 시스템 설계 문서'),
    (22, 8, '코드', '블록체인 스마트 계약 소스코드'),
    (23, 9, '설계서', '금융 데이터 분석 플랫폼 설계 문서'),
    (24, 10, '설계서', 'ERP 시스템 설계 문서'),
    (25, 10, '코드', 'ERP 시스템 소스코드'),
    (26, 11, '설계서', 'AI 챗봇 설계 문서'),
    (27, 12, '설계서', '스마트 팩토리 설계 문서'),
    (28, 12, '코드', '스마트 팩토리 제어 프로그램'),
    (29, 13, '설계서', '자율주행 차량 시뮬레이터 설계 문서'),
    (30, 14, '설계서', '클라우드 네이티브 앱 설계 문서'),
    (31, 14, '코드', '클라우드 네이티브 앱 소스코드');

-- ===== project_participation (1 stmt) =====
-- 종료된 프로젝트 참여 데이터
INSERT INTO project_participation (id, project_id, developer_id, project_role, start_date, end_date)
VALUES
    -- 프로젝트 1
    (1, 1, 5, 'PM', '2023-01-01', '2023-06-30'),
    (2, 1, 10, 'PL', '2023-01-01', '2023-06-30'),
    (3, 1, 15, '분석자', '2023-01-01', '2023-06-30'),
    (4, 1, 20, '설계자', '2023-01-01', '2023-06-30'),
    (5, 1, 25, '프로그래머', '2023-01-01', '2023-06-30'),
    (6, 1, 30, '프로그래머', '2023-01-01', '2023-06-30'),
    (7, 1, 35, '테스터', '2023-01-01', '2023-06-30'),

    -- 프로젝트 2
    (8, 2, 6, 'PM', '2023-02-01', '2023-07-31'),
    (9, 2, 11, 'PL', '2023-02-01', '2023-07-31'),
    (10, 2, 16, '분석자', '2023-02-01', '2023-07-31'),
    (11, 2, 21, '설계자', '2023-02-01', '2023-07-31'),
    (12, 2, 26, '프로그래머', '2023-02-01', '2023-07-31'),
    (13, 2, 31, '프로그래머', '2023-02-01', '2023-07-31'),
    (14, 2, 36, '테스터', '2023-02-01', '2023-07-31'),

    -- 프로젝트 3
    (15, 3, 7, 'PM', '2023-03-01', '2023-08-15'),
    (16, 3, 12, 'PL', '2023-03-01', '2023-08-15'),
    (17, 3, 17, '분석자', '2023-03-01', '2023-08-15'),
    (18, 3, 22, '설계자', '2023-03-01', '2023-08-15'),
    (19, 3, 27, '프로그래머', '2023-03-01', '2023-08-15'),
    (20, 3, 32, '프로그래머', '2023-03-01', '2023-08-15'),
    (21, 3, 37, '테스터', '2023-03-01', '2023-08-15'),

    -- 프로젝트 4
    (22, 4, 8, 'PM', '2023-04-01', '2023-09-01'),
    (23, 4, 13, 'PL', '2023-04-01', '2023-09-01'),
    (24, 4, 18, '분석자', '2023-04-01', '2023-09-01'),
    (25, 4, 23, '설계자', '2023-04-01', '2023-09-01'),
    (26, 4, 28, '프로그래머', '2023-04-01', '2023-09-01'),
    (27, 4, 33, '프로그래머', '2023-04-01', '2023-09-01'),
    (28, 4, 38, '테스터', '2023-04-01', '2023-09-01'),

    -- 프로젝트 5
    (29, 5, 9, 'PM', '2024-01-01', NULL),
    (30, 5, 14, 'PL', '2024-01-01', NULL),
    (31, 5, 19, '분석자', '2024-01-01', NULL),
    (32, 5, 24, '설계자', '2024-01-01', NULL),
    (33, 5, 29, '프로그래머', '2024-01-01', NULL),
    (34, 5, 34, '프로그래머', '2024-01-01', NULL),
    (35, 5, 39, '테스터', '2024-01-01', NULL),

    -- 프로젝트 6
    (36, 6, 10, 'PM', '2024-02-01', NULL),
    (37, 6, 15, 'PL', '2024-02-01', NULL),
    (38, 6, 20, '분석자', '2024-02-01', NULL),
    (39, 6, 25, '설계자', '2024-02-01', NULL),
    (40, 6, 30, '프로그래머', '2024-02-01', NULL),
    (41, 6, 35, '프로그래머', '2024-02-01', NULL),
    (42, 6, 40, '테스터', '2024-02-01', NULL),

    -- 프로젝트 7
    (43, 7, 11, 'PM', '2024-03-01', NULL),
    (44, 7, 16, 'PL', '2024-03-01', NULL),
    (45, 7, 21, '분석자', '2024-03-01', NULL),
    (46, 7, 26, '설계자', '2024-03-01', NULL),
    (47, 7, 31, '프로그래머', '2024-03-01', NULL),
    (48, 7, 36, '프로그래머', '2024-03-01', NULL),
    (49, 7, 41, '테스터', '2024-03-01', NULL),

    -- 프로젝트 8
    (50, 8, 12, 'PM', '2024-04-01', NULL),
    (51, 8, 17, 'PL', '2024-04-01', NULL),
    (52, 8, 22, '분석자', '2024-04-01', NULL),
    (53, 8, 27, '설계자', '2024-04-01', NULL),
    (54, 8, 32, '프로그래머', '2024-04-01', NULL),
    (55, 8, 37, '프로그래머', '2024-04-01', NULL),
    (56, 8, 42, '테스터', '2024-04-01', NULL),

    -- 프로젝트 9
    (57, 9, 13, 'PM', '2024-05-01', NULL),
    (58, 9, 18, 'PL', '2024-05-01', NULL),
    (59, 9, 23, '분석자', '2024-05-01', NULL),
    (60, 9, 28, '설계자', '2024-05-01', NULL),
    (61, 9, 33, '프로그래머', '2024-05-01', NULL),
    (62, 9, 38, '프로그래머', '2024-05-01', NULL),
    (63, 9, 43, '테스터', '2024-05-01', NULL),

    -- 프로젝트 10
    (64, 10, 14, 'PM', '2024-06-01', NULL),
    (65, 10, 19, 'PL', '2024-06-01', NULL),
    (66, 10, 24, '분석자', '2024-06-01', NULL),
    (67, 10, 29, '설계자', '2024-06-01', NULL),
    (68, 10, 34, '프로그래머', '2024-06-01', NULL),
    (69, 10, 39, '프로그래머', '2024-06-01', NULL),
    (70, 10, 44, '테스터', '2024-06-01', NULL),

    -- 프로젝트 11
    (71, 11, 15, 'PM', '2024-07-01', NULL),
    (72, 11, 20, 'PL', '2024-07-01', NULL),
    (73, 11, 25, '분석자', '2024-07-01', NULL),
    (74, 11, 30, '설계자', '2024-07-01', NULL),
    (75, 11, 35, '프로그래머', '2024-07-01', NULL),
    (76, 11, 40, '프로그래머', '2024-07-01', NULL),
    (77, 11, 45, '테스터', '2024-07-01', NULL),

    -- 프로젝트 12
    (78, 12, 16, 'PM', '2024-08-01', NULL),
    (79, 12, 21, 'PL', '2024-08-01', NULL),
    (80, 12, 26, '분석자', '2024-08-01', NULL),
    (81, 12, 31, '설계자', '2024-08-01', NULL),
    (82, 12, 36, '프로그래머', '2024-08-01', NULL),
    (83, 12, 41, '프로그래머', '2024-08-01', NULL),
    (84, 12, 46, '테스터', '2024-08-01', NULL),

    -- 프로젝트 13
    (85, 13, 17, 'PM', '2024-09-01', NULL),
    (86, 13, 22, 'PL', '2024-09-01', NULL),
    (87, 13, 27, '분석자', '2024-09-01', NULL),
    (88, 13, 32, '설계자', '2024-09-01', NULL),
    (89, 13, 37, '프로그래머', '2024-09-01', NULL),
    (90, 13, 42, '프로그래머', '2024-09-01', NULL),
    (91, 13, 47, '테스터', '2024-09-01', NULL),

    -- 프로젝트 14
    (92, 14, 18, 'PM', '2024-10-01', NULL),
    (93, 14, 23, 'PL', '2024-10-01', NULL),
    (94, 14, 28, '분석자', '2024-10-01', NULL),
    (95, 14, 33, '설계자', '2024-10-01', NULL),
    (96, 14, 38, '프로그래머', '2024-10-01', NULL),
    (97, 14, 43, '프로그래머', '2024-10-01', NULL),
    (98, 14, 48, '테스터', '2024-10-01', NULL);

-- ===== evaluation (33 stmt) =====
-- PM 평가: 업무 수행
INSERT INTO evaluation (id, participation_id, participation_category)
VALUES
    -- PM(1번)이 나머지 6명 평가
    (1, 2, '업무 수행'), (2, 3, '업무 수행'), (3, 4, '업무 수행'),
    (4, 5, '업무 수행'), (5, 6, '업무 수행'), (6, 7, '업무 수행');

-- PM 평가: 커뮤니케이션
INSERT INTO evaluation (id, participation_id, participation_category)
VALUES
    (7, 2, '커뮤니케이션'), (8, 3, '커뮤니케이션'), (9, 4, '커뮤니케이션'),
    (10, 5, '커뮤니케이션'), (11, 6, '커뮤니케이션'), (12, 7, '커뮤니케이션');

-- 동료 평가: 업무 수행
INSERT INTO evaluation (id, participation_id, participation_category)
VALUES
    -- 2번(PL)이 나머지 6명 평가
    (13, 1, '업무 수행'), (14, 3, '업무 수행'), (15, 4, '업무 수행'),
    (16, 5, '업무 수행'), (17, 6, '업무 수행'), (18, 7, '업무 수행'),

    -- 3번(분석자)이 나머지 6명 평가
    (19, 1, '업무 수행'), (20, 2, '업무 수행'), (21, 4, '업무 수행'),
    (22, 5, '업무 수행'), (23, 6, '업무 수행'), (24, 7, '업무 수행'),

    -- 4번(설계자)이 나머지 6명 평가
    (25, 1, '업무 수행'), (26, 2, '업무 수행'), (27, 3, '업무 수행'),
    (28, 5, '업무 수행'), (29, 6, '업무 수행'), (30, 7, '업무 수행'),

    -- 5번(프로그래머)이 나머지 6명 평가
    (31, 1, '업무 수행'), (32, 2, '업무 수행'), (33, 3, '업무 수행'),
    (34, 4, '업무 수행'), (35, 6, '업무 수행'), (36, 7, '업무 수행'),

    -- 6번(프로그래머)이 나머지 6명 평가
    (37, 1, '업무 수행'), (38, 2, '업무 수행'), (39, 3, '업무 수행'),
    (40, 4, '업무 수행'), (41, 5, '업무 수행'), (42, 7, '업무 수행'),

    -- 7번(테스터)이 나머지 6명 평가
    (43, 1, '업무 수행'), (44, 2, '업무 수행'), (45, 3, '업무 수행'),
    (46, 4, '업무 수행'), (47, 5, '업무 수행'), (48, 6, '업무 수행');

-- 동료 평가: 커뮤니케이션
INSERT INTO evaluation (id, participation_id, participation_category)
VALUES
    -- 2번(PL)이 나머지 6명 평가
    (49, 1, '커뮤니케이션'), (50, 3, '커뮤니케이션'), (51, 4, '커뮤니케이션'),
    (52, 5, '커뮤니케이션'), (53, 6, '커뮤니케이션'), (54, 7, '커뮤니케이션'),

    -- 3번(분석자)이 나머지 6명 평가
    (55, 1, '커뮤니케이션'), (56, 2, '커뮤니케이션'), (57, 4, '커뮤니케이션'),
    (58, 5, '커뮤니케이션'), (59, 6, '커뮤니케이션'), (60, 7, '커뮤니케이션'),

    -- 4번(설계자)이 나머지 6명 평가
    (61, 1, '커뮤니케이션'), (62, 2, '커뮤니케이션'), (63, 3, '커뮤니케이션'),
    (64, 5, '커뮤니케이션'), (65, 6, '커뮤니케이션'), (66, 7, '커뮤니케이션'),

    -- 5번(프로그래머)이 나머지 6명 평가
    (67, 1, '커뮤니케이션'), (68, 2, '커뮤니케이션'), (69, 3, '커뮤니케이션'),
    (70, 4, '커뮤니케이션'), (71, 6, '커뮤니케이션'), (72, 7, '커뮤니케이션'),

    -- 6번(프로그래머)이 나머지 6명 평가
    (73, 1, '커뮤니케이션'), (74, 2, '커뮤니케이션'), (75, 3, '커뮤니케이션'),
    (76, 4, '커뮤니케이션'), (77, 5, '커뮤니케이션'), (78, 7, '커뮤니케이션'),

    -- 7번(테스터)이 나머지 6명 평가
    (79, 1, '커뮤니케이션'), (80, 2, '커뮤니케이션'), (81, 3, '커뮤니케이션'),
    (82, 4, '커뮤니케이션'), (83, 5, '커뮤니케이션'), (84, 6, '커뮤니케이션');

-- 고객 평가: 업무 수행
INSERT INTO evaluation (id, participation_id, participation_category)
VALUES
    -- 고객은 참여한 직원들 7명을 평가
    (85, 1, '업무 수행'), (86, 2, '업무 수행'), (87, 3, '업무 수행'),
    (88, 4, '업무 수행'), (89, 5, '업무 수행'), (90, 6, '업무 수행'),
    (91, 7, '업무 수행');

-- 고객 평가: 커뮤니케이션
INSERT INTO evaluation (id, participation_id, participation_category)
VALUES
    -- 고객은 참여한 직원들 7명을 평가
    (92, 1, '커뮤니케이션'), (93, 2, '커뮤니케이션'), (94, 3, '커뮤니케이션'),
    (95, 4, '커뮤니케이션'), (96, 5, '커뮤니케이션'), (97, 6, '커뮤니케이션'),
    (98, 7, '커뮤니케이션');

-- PM(8번)이 나머지 6명 평가
INSERT INTO evaluation (id, participation_id, participation_category)
VALUES
    (99, 9, '업무 수행'), (100, 10, '업무 수행'), (101, 11, '업무 수행'),
    (102, 12, '업무 수행'), (103, 13, '업무 수행'), (104, 14, '업무 수행');

-- PM(8번)이 나머지 6명 평가: 커뮤니케이션
INSERT INTO evaluation (id, participation_id, participation_category)
VALUES
    (105, 9, '커뮤니케이션'), (106, 10, '커뮤니케이션'), (107, 11, '커뮤니케이션'),
    (108, 12, '커뮤니케이션'), (109, 13, '커뮤니케이션'), (110, 14, '커뮤니케이션');

-- 9번(PL)이 나머지 6명 평가
INSERT INTO evaluation (id, participation_id, participation_category)
VALUES
    (111, 8, '업무 수행'), (112, 10, '업무 수행'), (113, 11, '업무 수행'),
    (114, 12, '업무 수행'), (115, 13, '업무 수행'), (116, 14, '업무 수행');

-- 10번(분석자)이 나머지 6명 평가
INSERT INTO evaluation (id, participation_id, participation_category)
VALUES
    (117, 8, '업무 수행'), (118, 9, '업무 수행'), (119, 11, '업무 수행'),
    (120, 12, '업무 수행'), (121, 13, '업무 수행'), (122, 14, '업무 수행');

-- 11번(설계자)이 나머지 6명 평가
INSERT INTO evaluation (id, participation_id, participation_category)
VALUES
    (123, 8, '업무 수행'), (124, 9, '업무 수행'), (125, 10, '업무 수행'),
    (126, 12, '업무 수행'), (127, 13, '업무 수행'), (128, 14, '업무 수행');

-- 12번(프로그래머)이 나머지 6명 평가
INSERT INTO evaluation (id, participation_id, participation_category)
VALUES
    (129, 8, '업무 수행'), (130, 9, '업무 수행'), (131, 10, '업무 수행'),
    (132, 11, '업무 수행'), (133, 13, '업무 수행'), (134, 14, '업무 수행');

-- 13번(프로그래머)이 나머지 6명 평가
INSERT INTO evaluation (id, participation_id, participation_category)
VALUES
    (135, 8, '업무 수행'), (136, 9, '업무 수행'), (137, 10, '업무 수행'),
    (138, 11, '업무 수행'), (139, 12, '업무 수행'), (140, 14, '업무 수행');

-- 14번(테스터)이 나머지 6명 평가
INSERT INTO evaluation (id, participation_id, participation_category)
VALUES
    (141, 8, '업무 수행'), (142, 9, '업무 수행'), (143, 10, '업무 수행'),
    (144, 11, '업무 수행'), (145, 12, '업무 수행'), (146, 13, '업무 수행');

-- 9번(PL)이 나머지 6명 평가: 커뮤니케이션
INSERT INTO evaluation (id, participation_id, participation_category)
VALUES
    (147, 8, '커뮤니케이션'), (148, 10, '커뮤니케이션'), (149, 11, '커뮤니케이션'),
    (150, 12, '커뮤니케이션'), (151, 13, '커뮤니케이션'), (152, 14, '커뮤니케이션');

-- 10번(분석자)이 나머지 6명 평가: 커뮤니케이션
INSERT INTO evaluation (id, participation_id, participation_category)
VALUES
    (153, 8, '커뮤니케이션'), (154, 9, '커뮤니케이션'), (155, 11, '커뮤니케이션'),
    (156, 12, '커뮤니케이션'), (157, 13, '커뮤니케이션'), (158, 14, '커뮤니케이션');

-- 11번(설계자)이 나머지 6명 평가: 커뮤니케이션
INSERT INTO evaluation (id, participation_id, participation_category)
VALUES
    (159, 8, '커뮤니케이션'), (160, 9, '커뮤니케이션'), (161, 10, '커뮤니케이션'),
    (162, 12, '커뮤니케이션'), (163, 13, '커뮤니케이션'), (164, 14, '커뮤니케이션');

-- 12번(프로그래머)이 나머지 6명 평가: 커뮤니케이션
INSERT INTO evaluation (id, participation_id, participation_category)
VALUES
    (165, 8, '커뮤니케이션'), (166, 9, '커뮤니케이션'), (167, 10, '커뮤니케이션'),
    (168, 11, '커뮤니케이션'), (169, 13, '커뮤니케이션'), (170, 14, '커뮤니케이션');

-- 13번(프로그래머)이 나머지 6명 평가: 커뮤니케이션
INSERT INTO evaluation (id, participation_id, participation_category)
VALUES
    (171, 8, '커뮤니케이션'), (172, 9, '커뮤니케이션'), (173, 10, '커뮤니케이션'),
    (174, 11, '커뮤니케이션'), (175, 12, '커뮤니케이션'), (176, 14, '커뮤니케이션');

-- 14번(테스터)이 나머지 6명 평가: 커뮤니케이션
INSERT INTO evaluation (id, participation_id, participation_category)
VALUES
    (177, 8, '커뮤니케이션'), (178, 9, '커뮤니케이션'), (179, 10, '커뮤니케이션'),
    (180, 11, '커뮤니케이션'), (181, 12, '커뮤니케이션'), (182, 13, '커뮤니케이션');

-- 고객(2번)이 나머지 6명 평가: 업무 수행
INSERT INTO evaluation (id, participation_id, participation_category)
VALUES
    (183, 8, '업무 수행'), (184, 9, '업무 수행'), (185, 10, '업무 수행'),
    (186, 11, '업무 수행'), (187, 12, '업무 수행'), (188, 13, '업무 수행'),
    (189, 14, '업무 수행');

-- 고객(2번)이 나머지 6명 평가: 커뮤니케이션
INSERT INTO evaluation (id, participation_id, participation_category)
VALUES
    (190, 8, '커뮤니케이션'), (191, 9, '커뮤니케이션'), (192, 10, '커뮤니케이션'),
    (193, 11, '커뮤니케이션'), (194, 12, '커뮤니케이션'), (195, 13, '커뮤니케이션'),
    (196, 14, '커뮤니케이션');

-- PM 평가: 업무 수행
INSERT INTO evaluation (id, participation_id, participation_category)
VALUES
    -- PM(15번)이 나머지 6명 평가
    (197, 16, '업무 수행'), (198, 17, '업무 수행'), (199, 18, '업무 수행'),
    (200, 19, '업무 수행'), (201, 20, '업무 수행'), (202, 21, '업무 수행');

-- PM 평가: 커뮤니케이션
INSERT INTO evaluation (id, participation_id, participation_category)
VALUES
    (203, 16, '커뮤니케이션'), (204, 17, '커뮤니케이션'), (205, 18, '커뮤니케이션'),
    (206, 19, '커뮤니케이션'), (207, 20, '커뮤니케이션'), (208, 21, '커뮤니케이션');

-- 동료 평가: 업무 수행
INSERT INTO evaluation (id, participation_id, participation_category)
VALUES
    -- 16번(PL)이 나머지 6명 평가
    (209, 15, '업무 수행'), (210, 17, '업무 수행'), (211, 18, '업무 수행'),
    (212, 19, '업무 수행'), (213, 20, '업무 수행'), (214, 21, '업무 수행'),

    -- 17번(분석자)이 나머지 6명 평가
    (215, 15, '업무 수행'), (216, 16, '업무 수행'), (217, 18, '업무 수행'),
    (218, 19, '업무 수행'), (219, 20, '업무 수행'), (220, 21, '업무 수행'),

    -- 18번(설계자)이 나머지 6명 평가
    (221, 15, '업무 수행'), (222, 16, '업무 수행'), (223, 17, '업무 수행'),
    (224, 19, '업무 수행'), (225, 20, '업무 수행'), (226, 21, '업무 수행'),

    -- 19번(프로그래머)이 나머지 6명 평가
    (227, 15, '업무 수행'), (228, 16, '업무 수행'), (229, 17, '업무 수행'),
    (230, 18, '업무 수행'), (231, 20, '업무 수행'), (232, 21, '업무 수행'),

    -- 20번(프로그래머)이 나머지 6명 평가
    (233, 15, '업무 수행'), (234, 16, '업무 수행'), (235, 17, '업무 수행'),
    (236, 18, '업무 수행'), (237, 19, '업무 수행'), (238, 21, '업무 수행'),

    -- 21번(테스터)이 나머지 6명 평가
    (239, 15, '업무 수행'), (240, 16, '업무 수행'), (241, 17, '업무 수행'),
    (242, 18, '업무 수행'), (243, 19, '업무 수행'), (244, 20, '업무 수행');

-- 동료 평가: 커뮤니케이션
INSERT INTO evaluation (id, participation_id, participation_category)
VALUES
    -- 16번(PL)이 나머지 6명 평가
    (245, 15, '커뮤니케이션'), (246, 17, '커뮤니케이션'), (247, 18, '커뮤니케이션'),
    (248, 19, '커뮤니케이션'), (249, 20, '커뮤니케이션'), (250, 21, '커뮤니케이션'),

    -- 17번(분석자)이 나머지 6명 평가
    (251, 15, '커뮤니케이션'), (252, 16, '커뮤니케이션'), (253, 18, '커뮤니케이션'),
    (254, 19, '커뮤니케이션'), (255, 20, '커뮤니케이션'), (256, 21, '커뮤니케이션'),

    -- 18번(설계자)이 나머지 6명 평가
    (257, 15, '커뮤니케이션'), (258, 16, '커뮤니케이션'), (259, 17, '커뮤니케이션'),
    (260, 19, '커뮤니케이션'), (261, 20, '커뮤니케이션'), (262, 21, '커뮤니케이션'),

    -- 19번(프로그래머)이 나머지 6명 평가
    (263, 15, '커뮤니케이션'), (264, 16, '커뮤니케이션'), (265, 17, '커뮤니케이션'),
    (266, 18, '커뮤니케이션'), (267, 20, '커뮤니케이션'), (268, 21, '커뮤니케이션'),

    -- 20번(프로그래머)이 나머지 6명 평가
    (269, 15, '커뮤니케이션'), (270, 16, '커뮤니케이션'), (271, 17, '커뮤니케이션'),
    (272, 18, '커뮤니케이션'), (273, 19, '커뮤니케이션'), (274, 21, '커뮤니케이션'),

    -- 21번(테스터)이 나머지 6명 평가
    (275, 15, '커뮤니케이션'), (276, 16, '커뮤니케이션'), (277, 17, '커뮤니케이션'),
    (278, 18, '커뮤니케이션'), (279, 19, '커뮤니케이션'), (280, 20, '커뮤니케이션');

-- 고객 평가: 업무 수행
INSERT INTO evaluation (id, participation_id, participation_category)
VALUES
    (281, 15, '업무 수행'), (282, 16, '업무 수행'), (283, 17, '업무 수행'),
    (284, 18, '업무 수행'), (285, 19, '업무 수행'), (286, 20, '업무 수행'),
    (287, 21, '업무 수행');

-- 고객 평가: 커뮤니케이션
INSERT INTO evaluation (id, participation_id, participation_category)
VALUES
    (288, 15, '커뮤니케이션'), (289, 16, '커뮤니케이션'), (290, 17, '커뮤니케이션'),
    (291, 18, '커뮤니케이션'), (292, 19, '커뮤니케이션'), (293, 20, '커뮤니케이션'),
    (294, 21, '커뮤니케이션');

-- PM(22번)이 나머지 6명 평가
INSERT INTO evaluation (id, participation_id, participation_category)
VALUES
    (295, 23, '업무 수행'), (296, 24, '업무 수행'), (297, 25, '업무 수행'),
    (298, 26, '업무 수행'), (299, 27, '업무 수행'), (300, 28, '업무 수행');

-- PM(22번)이 나머지 6명 평가: 커뮤니케이션
INSERT INTO evaluation (id, participation_id, participation_category)
VALUES
    (301, 23, '커뮤니케이션'), (302, 24, '커뮤니케이션'), (303, 25, '커뮤니케이션'),
    (304, 26, '커뮤니케이션'), (305, 27, '커뮤니케이션'), (306, 28, '커뮤니케이션');

-- 동료 평가: 업무 수행
INSERT INTO evaluation (id, participation_id, participation_category)
VALUES
    -- 23번(PL)이 나머지 6명 평가
    (307, 22, '업무 수행'), (308, 24, '업무 수행'), (309, 25, '업무 수행'),
    (310, 26, '업무 수행'), (311, 27, '업무 수행'), (312, 28, '업무 수행'),

    -- 24번(분석자)이 나머지 6명 평가
    (313, 22, '업무 수행'), (314, 23, '업무 수행'), (315, 25, '업무 수행'),
    (316, 26, '업무 수행'), (317, 27, '업무 수행'), (318, 28, '업무 수행'),

    -- 25번(설계자)이 나머지 6명 평가
    (319, 22, '업무 수행'), (320, 23, '업무 수행'), (321, 24, '업무 수행'),
    (322, 26, '업무 수행'), (323, 27, '업무 수행'), (324, 28, '업무 수행'),

    -- 26번(프로그래머)이 나머지 6명 평가
    (325, 22, '업무 수행'), (326, 23, '업무 수행'), (327, 24, '업무 수행'),
    (328, 25, '업무 수행'), (329, 27, '업무 수행'), (330, 28, '업무 수행'),

    -- 27번(프로그래머)이 나머지 6명 평가
    (331, 22, '업무 수행'), (332, 23, '업무 수행'), (333, 24, '업무 수행'),
    (334, 25, '업무 수행'), (335, 26, '업무 수행'), (336, 28, '업무 수행'),

    -- 28번(테스터)이 나머지 6명 평가
    (337, 22, '업무 수행'), (338, 23, '업무 수행'), (339, 24, '업무 수행'),
    (340, 25, '업무 수행'), (341, 26, '업무 수행'), (342, 27, '업무 수행');

-- 동료 평가: 커뮤니케이션
INSERT INTO evaluation (id, participation_id, participation_category)
VALUES
    -- 23번(PL)이 나머지 6명 평가
    (343, 22, '커뮤니케이션'), (344, 24, '커뮤니케이션'), (345, 25, '커뮤니케이션'),
    (346, 26, '커뮤니케이션'), (347, 27, '커뮤니케이션'), (348, 28, '커뮤니케이션'),

    -- 24번(분석자)이 나머지 6명 평가
    (349, 22, '커뮤니케이션'), (350, 23, '커뮤니케이션'), (351, 25, '커뮤니케이션'),
    (352, 26, '커뮤니케이션'), (353, 27, '커뮤니케이션'), (354, 28, '커뮤니케이션'),

    -- 25번(설계자)이 나머지 6명 평가
    (355, 22, '커뮤니케이션'), (356, 23, '커뮤니케이션'), (357, 24, '커뮤니케이션'),
    (358, 26, '커뮤니케이션'), (359, 27, '커뮤니케이션'), (360, 28, '커뮤니케이션'),

    -- 26번(프로그래머)이 나머지 6명 평가
    (361, 22, '커뮤니케이션'), (362, 23, '커뮤니케이션'), (363, 24, '커뮤니케이션'),
    (364, 25, '커뮤니케이션'), (365, 27, '커뮤니케이션'), (366, 28, '커뮤니케이션'),

    -- 27번(프로그래머)이 나머지 6명 평가
    (367, 22, '커뮤니케이션'), (368, 23, '커뮤니케이션'), (369, 24, '커뮤니케이션'),
    (370, 25, '커뮤니케이션'), (371, 26, '커뮤니케이션'), (372, 28, '커뮤니케이션'),

    -- 28번(테스터)이 나머지 6명 평가
    (373, 22, '커뮤니케이션'), (374, 23, '커뮤니케이션'), (375, 24, '커뮤니케이션'),
    (376, 25, '커뮤니케이션'), (377, 26, '커뮤니케이션'), (378, 27, '커뮤니케이션');

-- 고객 평가: 업무 수행
INSERT INTO evaluation (id, participation_id, participation_category)
VALUES
    (379, 22, '업무 수행'), (380, 23, '업무 수행'), (381, 24, '업무 수행'),
    (382, 25, '업무 수행'), (383, 26, '업무 수행'), (384, 27, '업무 수행'),
    (385, 28, '업무 수행');  -- 고객은 참여한 직원들 7명을 평가

-- 고객 평가: 커뮤니케이션
INSERT INTO evaluation (id, participation_id, participation_category)
VALUES
    (386, 22, '커뮤니케이션'), (387, 23, '커뮤니케이션'), (388, 24, '커뮤니케이션'),
    (389, 25, '커뮤니케이션'), (390, 26, '커뮤니케이션'), (391, 27, '커뮤니케이션'),
    (392, 28, '커뮤니케이션');  -- 고객은 참여한 직원들 7명을 평가

INSERT INTO customer_evaluation (id, customer_id)
VALUES
    -- 업무 수행
    (85, 1), (86, 1), (87, 1), (88, 1), (89, 1), (90, 1), (91, 1),

    -- 커뮤니케이션
    (92, 1), (93, 1), (94, 1), (95, 1), (96, 1), (97, 1), (98, 1);

-- ===== evaluation_item (1 stmt) =====
INSERT INTO evaluation_item (id, evaluation_id, rate, content)
VALUES
    (1, 1, 1.97, '매우 나쁨'),
    (2, 2, 3.54, '매우 좋음'),
    (3, 3, 1.27, '보통'),
    (4, 4, 4.39, '나쁨'),
    (5, 5, 2.57, '보통'),
    (6, 6, 2.84, '매우 나쁨'),
    (7, 7, 1.44, '보통'),
    (8, 8, 2.03, '매우 좋음'),
    (9, 9, 4.76, '매우 좋음'),
    (10, 10, 3.85, '좋음'),
    (11, 11, 1.41, '나쁨'),
    (12, 12, 2.7, '매우 나쁨'),
    (13, 13, 1.16, '매우 좋음'),
    (14, 14, 2.85, '매우 좋음'),
    (15, 15, 2.11, '보통'),
    (16, 16, 2.54, '매우 나쁨'),
    (17, 17, 2.99, '매우 나쁨'),
    (18, 18, 1.55, '보통'),
    (19, 19, 1.66, '매우 좋음'),
    (20, 20, 3.86, '보통'),
    (21, 21, 4.75, '나쁨'),
    (22, 22, 3.96, '좋음'),
    (23, 23, 1.45, '좋음'),
    (24, 24, 2.69, '매우 좋음'),
    (25, 25, 2.26, '나쁨'),
    (26, 26, 1.86, '매우 좋음'),
    (27, 27, 3.2, '매우 좋음'),
    (28, 28, 1.37, '보통'),
    (29, 29, 1.36, '매우 나쁨'),
    (30, 30, 1.8, '좋음'),
    (31, 31, 3.4, '나쁨'),
    (32, 32, 2.45, '나쁨'),
    (33, 33, 2.67, '좋음'),
    (34, 34, 2.32, '매우 나쁨'),
    (35, 35, 4.11, '보통'),
    (36, 36, 2.67, '매우 좋음'),
    (37, 37, 3.88, '좋음'),
    (38, 38, 3.61, '나쁨'),
    (39, 39, 4.6, '매우 나쁨'),
    (40, 40, 3.71, '좋음'),
    (41, 41, 4.78, '나쁨'),
    (42, 42, 3.78, '나쁨'),
    (43, 43, 1.29, '나쁨'),
    (44, 44, 1.25, '매우 나쁨'),
    (45, 45, 4.4, '보통'),
    (46, 46, 2.08, '매우 나쁨'),
    (47, 47, 3.08, '매우 좋음'),
    (48, 48, 1.54, '매우 좋음'),
    (49, 49, 4.02, '나쁨'),
    (50, 50, 2.75, '나쁨'),
    (51, 51, 2.93, '좋음'),
    (52, 52, 2.12, '좋음'),
    (53, 53, 2.18, '좋음'),
    (54, 54, 4.18, '매우 나쁨'),
    (55, 55, 1.7, '매우 좋음'),
    (56, 56, 1.39, '좋음'),
    (57, 57, 2.42, '매우 나쁨'),
    (58, 58, 2.34, '좋음'),
    (59, 59, 2.23, '나쁨'),
    (60, 60, 3.1, '매우 좋음'),
    (61, 61, 2.73, '보통'),
    (62, 62, 4.19, '좋음'),
    (63, 63, 2.91, '좋음'),
    (64, 64, 4.88, '보통'),
    (65, 65, 3.93, '나쁨'),
    (66, 66, 3.56, '매우 좋음'),
    (67, 67, 4.27, '매우 나쁨'),
    (68, 68, 2.69, '좋음'),
    (69, 69, 4.22, '보통'),
    (70, 70, 1.76, '매우 나쁨'),
    (71, 71, 2.26, '좋음'),
    (72, 72, 4.06, '매우 나쁨'),
    (73, 73, 2.51, '좋음'),
    (74, 74, 3.09, '나쁨'),
    (75, 75, 2.07, '매우 좋음'),
    (76, 76, 2.85, '매우 좋음'),
    (77, 77, 3.94, '보통'),
    (78, 78, 3.07, '매우 좋음'),
    (79, 79, 1.9, '보통'),
    (80, 80, 2.5, '보통'),
    (81, 81, 4.43, '매우 좋음'),
    (82, 82, 4.58, '매우 나쁨'),
    (83, 83, 2.44, '나쁨'),
    (84, 84, 3.31, '나쁨'),
    (85, 85, 4.99, '매우 좋음'),
    (86, 86, 4.16, '매우 좋음'),
    (87, 87, 1.08, '나쁨'),
    (88, 88, 1.41, '나쁨'),
    (89, 89, 3.48, '매우 좋음'),
    (90, 90, 1.03, '좋음'),
    (91, 91, 1.05, '나쁨'),
    (92, 92, 4.89, '보통'),
    (93, 93, 3.91, '나쁨'),
    (94, 94, 2.19, '나쁨'),
    (95, 95, 1.59, '보통'),
    (96, 96, 3.84, '좋음'),
    (97, 97, 2.77, '보통'),
    (98, 98, 4.7, '나쁨'),
    (99, 99, 1.13, '좋음'),
    (100, 100, 3.35, '나쁨'),
    (101, 101, 2.0, '매우 좋음'),
    (102, 102, 4.93, '보통'),
    (103, 103, 2.95, '매우 좋음'),
    (104, 104, 1.59, '보통'),
    (105, 105, 3.08, '나쁨'),
    (106, 106, 2.69, '보통'),
    (107, 107, 1.27, '보통'),
    (108, 108, 1.52, '보통'),
    (109, 109, 4.4, '좋음'),
    (110, 110, 2.33, '나쁨'),
    (111, 111, 4.28, '보통'),
    (112, 112, 1.86, '매우 좋음'),
    (113, 113, 1.72, '좋음'),
    (114, 114, 1.51, '좋음'),
    (115, 115, 3.47, '매우 나쁨'),
    (116, 116, 2.64, '매우 나쁨'),
    (117, 117, 2.55, '매우 나쁨'),
    (118, 118, 4.98, '매우 좋음'),
    (119, 119, 2.28, '좋음'),
    (120, 120, 4.71, '매우 나쁨'),
    (121, 121, 3.56, '매우 나쁨'),
    (122, 122, 3.65, '나쁨'),
    (123, 123, 4.92, '나쁨'),
    (124, 124, 3.39, '나쁨'),
    (125, 125, 4.14, '보통'),
    (126, 126, 4.47, '좋음'),
    (127, 127, 2.3, '보통'),
    (128, 128, 4.9, '매우 좋음'),
    (129, 129, 1.87, '매우 나쁨'),
    (130, 130, 4.19, '좋음'),
    (131, 131, 1.93, '좋음'),
    (132, 132, 3.47, '매우 좋음'),
    (133, 133, 2.79, '매우 나쁨'),
    (134, 134, 4.06, '나쁨'),
    (135, 135, 4.58, '매우 나쁨'),
    (136, 136, 3.65, '매우 좋음'),
    (137, 137, 2.38, '매우 나쁨'),
    (138, 138, 4.01, '좋음'),
    (139, 139, 4.78, '좋음'),
    (140, 140, 3.96, '매우 좋음'),
    (141, 141, 2.82, '나쁨'),
    (142, 142, 4.63, '매우 좋음'),
    (143, 143, 2.04, '매우 좋음'),
    (144, 144, 2.48, '보통'),
    (145, 145, 4.19, '보통'),
    (146, 146, 3.45, '매우 나쁨'),
    (147, 147, 2.11, '나쁨'),
    (148, 148, 1.4, '좋음'),
    (149, 149, 1.26, '나쁨'),
    (150, 150, 4.34, '매우 좋음'),
    (151, 151, 3.42, '매우 나쁨'),
    (152, 152, 4.69, '매우 나쁨'),
    (153, 153, 1.93, '보통'),
    (154, 154, 4.97, '보통'),
    (155, 155, 1.18, '매우 좋음'),
    (156, 156, 4.52, '매우 좋음'),
    (157, 157, 2.79, '나쁨'),
    (158, 158, 1.24, '좋음'),
    (159, 159, 2.85, '보통'),
    (160, 160, 2.68, '좋음'),
    (161, 161, 1.5, '매우 나쁨'),
    (162, 162, 3.94, '매우 나쁨'),
    (163, 163, 4.94, '나쁨'),
    (164, 164, 4.15, '매우 좋음'),
    (165, 165, 3.04, '보통'),
    (166, 166, 1.16, '보통'),
    (167, 167, 2.59, '나쁨'),
    (168, 168, 1.11, '좋음'),
    (169, 169, 1.99, '매우 좋음'),
    (170, 170, 4.18, '보통'),
    (171, 171, 1.23, '매우 나쁨'),
    (172, 172, 1.04, '좋음'),
    (173, 173, 1.75, '나쁨'),
    (174, 174, 2.87, '좋음'),
    (175, 175, 3.35, '보통'),
    (176, 176, 2.52, '나쁨'),
    (177, 177, 3.8, '매우 나쁨'),
    (178, 178, 1.12, '매우 좋음'),
    (179, 179, 4.21, '매우 나쁨'),
    (180, 180, 4.88, '좋음'),
    (181, 181, 3.14, '매우 좋음'),
    (182, 182, 1.41, '매우 나쁨'),
    (183, 183, 2.34, '좋음'),
    (184, 184, 1.24, '매우 나쁨'),
    (185, 185, 4.56, '좋음'),
    (186, 186, 3.29, '매우 나쁨'),
    (187, 187, 4.71, '보통'),
    (188, 188, 2.64, '좋음'),
    (189, 189, 4.05, '매우 좋음'),
    (190, 190, 1.45, '매우 나쁨'),
    (191, 191, 2.7, '매우 좋음'),
    (192, 192, 2.62, '매우 나쁨'),
    (193, 193, 2.36, '매우 나쁨'),
    (194, 194, 2.98, '매우 나쁨'),
    (195, 195, 4.43, '보통'),
    (196, 196, 3.9, '매우 나쁨'),
    (197, 197, 1.94, '매우 나쁨'),
    (198, 198, 3.7, '보통'),
    (199, 199, 2.93, '보통'),
    (200, 200, 1.56, '매우 나쁨'),
    (201, 201, 4.36, '나쁨'),
    (202, 202, 1.88, '매우 나쁨'),
    (203, 203, 1.99, '매우 좋음'),
    (204, 204, 3.61, '매우 나쁨'),
    (205, 205, 4.11, '보통'),
    (206, 206, 4.46, '보통'),
    (207, 207, 2.34, '좋음'),
    (208, 208, 4.26, '매우 좋음'),
    (209, 209, 4.59, '보통'),
    (210, 210, 4.22, '보통'),
    (211, 211, 1.2, '매우 나쁨'),
    (212, 212, 4.62, '매우 좋음'),
    (213, 213, 2.88, '매우 나쁨'),
    (214, 214, 1.48, '나쁨'),
    (215, 215, 3.5, '나쁨'),
    (216, 216, 1.73, '나쁨'),
    (217, 217, 2.09, '나쁨'),
    (218, 218, 2.02, '매우 나쁨'),
    (219, 219, 1.58, '나쁨'),
    (220, 220, 3.51, '매우 좋음'),
    (221, 221, 3.9, '매우 좋음'),
    (222, 222, 2.83, '나쁨'),
    (223, 223, 3.92, '좋음'),
    (224, 224, 3.05, '좋음'),
    (225, 225, 3.34, '나쁨'),
    (226, 226, 4.13, '매우 좋음'),
    (227, 227, 4.71, '보통'),
    (228, 228, 4.59, '매우 나쁨'),
    (229, 229, 4.32, '매우 좋음'),
    (230, 230, 3.96, '매우 좋음'),
    (231, 231, 1.07, '매우 좋음'),
    (232, 232, 1.24, '좋음'),
    (233, 233, 1.15, '매우 나쁨'),
    (234, 234, 4.38, '나쁨'),
    (235, 235, 4.25, '보통'),
    (236, 236, 4.79, '나쁨'),
    (237, 237, 2.36, '매우 나쁨'),
    (238, 238, 4.95, '나쁨'),
    (239, 239, 1.11, '매우 나쁨'),
    (240, 240, 2.31, '매우 나쁨'),
    (241, 241, 2.61, '나쁨'),
    (242, 242, 4.37, '나쁨'),
    (243, 243, 2.83, '좋음'),
    (244, 244, 3.09, '보통'),
    (245, 245, 4.92, '좋음'),
    (246, 246, 3.43, '매우 좋음'),
    (247, 247, 2.4, '나쁨'),
    (248, 248, 3.96, '나쁨'),
    (249, 249, 1.08, '보통'),
    (250, 250, 3.54, '매우 좋음'),
    (251, 251, 3.24, '매우 좋음'),
    (252, 252, 3.6, '매우 나쁨'),
    (253, 253, 4.53, '나쁨'),
    (254, 254, 2.08, '매우 나쁨'),
    (255, 255, 2.36, '매우 좋음'),
    (256, 256, 1.58, '좋음'),
    (257, 257, 1.71, '좋음'),
    (258, 258, 3.84, '매우 나쁨'),
    (259, 259, 4.32, '매우 나쁨'),
    (260, 260, 4.3, '좋음'),
    (261, 261, 1.43, '보통'),
    (262, 262, 4.15, '매우 나쁨'),
    (263, 263, 4.14, '매우 좋음'),
    (264, 264, 2.56, '나쁨'),
    (265, 265, 3.42, '매우 좋음'),
    (266, 266, 4.48, '매우 나쁨'),
    (267, 267, 3.32, '좋음'),
    (268, 268, 1.56, '보통'),
    (269, 269, 3.12, '매우 나쁨'),
    (270, 270, 1.79, '매우 나쁨'),
    (271, 271, 1.54, '매우 나쁨'),
    (272, 272, 4.92, '매우 나쁨'),
    (273, 273, 1.01, '매우 좋음'),
    (274, 274, 4.59, '매우 좋음'),
    (275, 275, 4.32, '매우 나쁨'),
    (276, 276, 2.64, '매우 좋음'),
    (277, 277, 2.47, '좋음'),
    (278, 278, 1.95, '좋음'),
    (279, 279, 4.75, '매우 나쁨'),
    (280, 280, 3.21, '매우 좋음'),
    (281, 281, 3.64, '좋음'),
    (282, 282, 3.04, '매우 좋음'),
    (283, 283, 1.32, '매우 나쁨'),
    (284, 284, 2.61, '매우 나쁨'),
    (285, 285, 3.48, '매우 좋음'),
    (286, 286, 4.31, '나쁨'),
    (287, 287, 2.93, '매우 좋음'),
    (288, 288, 3.04, '나쁨'),
    (289, 289, 1.74, '보통'),
    (290, 290, 4.6, '매우 좋음'),
    (291, 291, 1.74, '나쁨'),
    (292, 292, 2.63, '나쁨'),
    (293, 293, 3.06, '나쁨'),
    (294, 294, 1.86, '좋음'),
    (295, 295, 3.67, '매우 좋음'),
    (296, 296, 2.79, '나쁨'),
    (297, 297, 3.28, '매우 좋음'),
    (298, 298, 3.33, '나쁨'),
    (299, 299, 2.75, '좋음'),
    (300, 300, 1.7, '보통'),
    (301, 301, 3.51, '매우 좋음'),
    (302, 302, 2.05, '보통'),
    (303, 303, 3.93, '좋음'),
    (304, 304, 1.5, '보통'),
    (305, 305, 4.41, '매우 좋음'),
    (306, 306, 1.4, '나쁨'),
    (307, 307, 4.66, '매우 좋음'),
    (308, 308, 3.26, '나쁨'),
    (309, 309, 1.45, '매우 좋음'),
    (310, 310, 2.67, '보통'),
    (311, 311, 3.96, '매우 좋음'),
    (312, 312, 4.15, '좋음'),
    (313, 313, 3.58, '좋음'),
    (314, 314, 1.82, '매우 나쁨'),
    (315, 315, 1.82, '나쁨'),
    (316, 316, 1.47, '나쁨'),
    (317, 317, 4.08, '매우 좋음'),
    (318, 318, 1.13, '나쁨'),
    (319, 319, 2.97, '좋음'),
    (320, 320, 1.0, '보통'),
    (321, 321, 1.46, '나쁨'),
    (322, 322, 3.07, '보통'),
    (323, 323, 2.46, '매우 나쁨'),
    (324, 324, 3.37, '매우 나쁨'),
    (325, 325, 2.48, '보통'),
    (326, 326, 3.76, '매우 좋음'),
    (327, 327, 2.75, '좋음'),
    (328, 328, 1.37, '나쁨'),
    (329, 329, 3.42, '나쁨'),
    (330, 330, 4.37, '좋음'),
    (331, 331, 1.39, '보통'),
    (332, 332, 4.21, '나쁨'),
    (333, 333, 2.76, '매우 좋음'),
    (334, 334, 1.91, '나쁨'),
    (335, 335, 1.53, '매우 좋음'),
    (336, 336, 4.34, '매우 좋음'),
    (337, 337, 3.05, '보통'),
    (338, 338, 1.47, '좋음'),
    (339, 339, 4.54, '매우 좋음'),
    (340, 340, 1.65, '좋음'),
    (341, 341, 1.39, '좋음'),
    (342, 342, 2.58, '좋음'),
    (343, 343, 1.78, '보통'),
    (344, 344, 3.01, '매우 나쁨'),
    (345, 345, 2.28, '좋음'),
    (346, 346, 1.08, '보통'),
    (347, 347, 2.75, '좋음'),
    (348, 348, 3.77, '보통'),
    (349, 349, 3.43, '매우 나쁨'),
    (350, 350, 2.75, '보통'),
    (351, 351, 2.68, '보통'),
    (352, 352, 1.8, '매우 좋음'),
    (353, 353, 4.8, '보통'),
    (354, 354, 4.38, '매우 좋음'),
    (355, 355, 1.25, '매우 좋음'),
    (356, 356, 3.56, '좋음'),
    (357, 357, 3.64, '매우 좋음'),
    (358, 358, 4.11, '보통'),
    (359, 359, 1.7, '보통'),
    (360, 360, 4.78, '보통'),
    (361, 361, 2.12, '보통'),
    (362, 362, 1.64, '보통'),
    (363, 363, 4.1, '나쁨'),
    (364, 364, 2.88, '보통'),
    (365, 365, 2.09, '좋음'),
    (366, 366, 4.1, '매우 좋음'),
    (367, 367, 3.45, '매우 나쁨'),
    (368, 368, 2.42, '매우 좋음'),
    (369, 369, 1.99, '매우 좋음'),
    (370, 370, 2.99, '나쁨'),
    (371, 371, 4.34, '좋음'),
    (372, 372, 2.77, '매우 좋음'),
    (373, 373, 2.75, '나쁨'),
    (374, 374, 4.61, '보통'),
    (375, 375, 2.49, '매우 좋음'),
    (376, 376, 3.99, '좋음'),
    (377, 377, 2.74, '보통'),
    (378, 378, 2.22, '나쁨'),
    (379, 379, 4.94, '매우 좋음'),
    (380, 380, 2.2, '보통'),
    (381, 381, 2.03, '나쁨'),
    (382, 382, 3.09, '좋음'),
    (383, 383, 4.84, '나쁨'),
    (384, 384, 2.78, '좋음'),
    (385, 385, 2.52, '보통'),
    (386, 386, 1.09, '매우 나쁨'),
    (387, 387, 2.15, '좋음'),
    (388, 388, 3.81, '매우 나쁨'),
    (389, 389, 2.97, '매우 좋음'),
    (390, 390, 2.25, '보통'),
    (391, 391, 4.37, '매우 나쁨'),
    (392, 392, 2.12, '매우 나쁨');

-- ===== customer_evaluation (3 stmt) =====
-- 참고: customer_id=1 (id 85~98)은 위쪽 블록(~line 998)에서 이미 삽입됨
INSERT INTO customer_evaluation (id, customer_id)
VALUES
    -- 업무 수행
    (183, 2), (184, 2), (185, 2), (186, 2), (187, 2), (188, 2), (189, 2),

    -- 커뮤니케이션
    (190, 2), (191, 2), (192, 2), (193, 2), (194, 2), (195, 2), (196, 2);

INSERT INTO customer_evaluation (id, customer_id)
VALUES
    -- 업무 수행
    (281, 3), (282, 3), (283, 3), (284, 3), (285, 3), (286, 3), (287, 3),

    -- 커뮤니케이션
    (288, 3), (289, 3), (290, 3), (291, 3), (292, 3), (293, 3), (294, 3);

INSERT INTO customer_evaluation (id, customer_id)
VALUES
    -- 업무 수행
    (379, 4), (380, 4), (381, 4), (382, 4), (383, 4), (384, 4), (385, 4),

    -- 커뮤니케이션
    (386, 4), (387, 4), (388, 4), (389, 4), (390, 4), (391, 4), (392, 4);

-- ===== partner_evaluation (2 stmt) =====
INSERT INTO partner_evaluation (id, partner_id)
VALUES
    -- 참여자 2 (PL)이 나머지 평가
    (13, 2), (14, 2), (15, 2), (16, 2), (17, 2), (18, 2), -- 업무 수행
    (49, 2), (50, 2), (51, 2), (52, 2), (53, 2), (54, 2), -- 커뮤니케이션

    -- 참여자 3 (분석자)이 나머지 평가
    (19, 3), (20, 3), (21, 3), (22, 3), (23, 3), (24, 3), -- 업무 수행
    (55, 3), (56, 3), (57, 3), (58, 3), (59, 3), (60, 3), -- 커뮤니케이션

    -- 참여자 4 (설계자)이 나머지 평가
    (25, 4), (26, 4), (27, 4), (28, 4), (29, 4), (30, 4), -- 업무 수행
    (61, 4), (62, 4), (63, 4), (64, 4), (65, 4), (66, 4), -- 커뮤니케이션

    -- 참여자 5 (프로그래머)이 나머지 평가
    (31, 5), (32, 5), (33, 5), (34, 5), (35, 5), (36, 5), -- 업무 수행
    (67, 5), (68, 5), (69, 5), (70, 5), (71, 5), (72, 5), -- 커뮤니케이션

    -- 참여자 6 (프로그래머)이 나머지 평가
    (37, 6), (38, 6), (39, 6), (40, 6), (41, 6), (42, 6), -- 업무 수행
    (73, 6), (74, 6), (75, 6), (76, 6), (77, 6), (78, 6), -- 커뮤니케이션

    -- 참여자 7 (테스터)이 나머지 평가
    (43, 7), (44, 7), (45, 7), (46, 7), (47, 7), (48, 7), -- 업무 수행
    (79, 7), (80, 7), (81, 7), (82, 7), (83, 7), (84, 7); -- 커뮤니케이션

INSERT INTO partner_evaluation (id, partner_id)
VALUES
    -- 참여자 9 (PL)이 나머지 평가
    (111, 9), (112, 9), (113, 9), (114, 9), (115, 9), (116, 9), -- 업무 수행
    (147, 9), (148, 9), (149, 9), (150, 9), (151, 9), (152, 9), -- 커뮤니케이션

    -- 참여자 10 (분석자)이 나머지 평가
    (117, 10), (118, 10), (119, 10), (120, 10), (121, 10), (122, 10), -- 업무 수행
    (153, 10), (154, 10), (155, 10), (156, 10), (157, 10), (158, 10), -- 커뮤니케이션

    -- 참여자 11 (설계자)이 나머지 평가
    (123, 11), (124, 11), (125, 11), (126, 11), (127, 11), (128, 11), -- 업무 수행
    (159, 11), (160, 11), (161, 11), (162, 11), (163, 11), (164, 11), -- 커뮤니케이션

    -- 참여자 12 (프로그래머)이 나머지 평가
    (129, 12), (130, 12), (131, 12), (132, 12), (133, 12), (134, 12), -- 업무 수행
    (165, 12), (166, 12), (167, 12), (168, 12), (169, 12), (170, 12), -- 커뮤니케이션

    -- 참여자 13 (프로그래머)이 나머지 평가
    (135, 13), (136, 13), (137, 13), (138, 13), (139, 13), (140, 13), -- 업무 수행
    (171, 13), (172, 13), (173, 13), (174, 13), (175, 13), (176, 13), -- 커뮤니케이션

    -- 참여자 14 (테스터)이 나머지 평가
    (141, 14), (142, 14), (143, 14), (144, 14), (145, 14), (146, 14), -- 업무 수행
    (177, 14), (178, 14), (179, 14), (180, 14), (181, 14), (182, 14); -- 커뮤니케이션

INSERT INTO partner_evaluation (id, partner_id)
VALUES
    -- 참여자 16 (PL)이 나머지 평가
    (209, 16), (210, 16), (211, 16), (212, 16), (213, 16), (214, 16), -- 업무 수행
    (245, 16), (246, 16), (247, 16), (248, 16), (249, 16), (250, 16), -- 커뮤니케이션

    -- 참여자 17 (분석자)이 나머지 평가
    (215, 17), (216, 17), (217, 17), (218, 17), (219, 17), (220, 17), -- 업무 수행
    (251, 17), (252, 17), (253, 17), (254, 17), (255, 17), (256, 17), -- 커뮤니케이션

    -- 참여자 18 (설계자)이 나머지 평가
    (221, 18), (222, 18), (223, 18), (224, 18), (225, 18), (226, 18), -- 업무 수행
    (257, 18), (258, 18), (259, 18), (260, 18), (261, 18), (262, 18), -- 커뮤니케이션

    -- 참여자 19 (프로그래머)이 나머지 평가
    (227, 19), (228, 19), (229, 19), (230, 19), (231, 19), (232, 19), -- 업무 수행
    (263, 19), (264, 19), (265, 19), (266, 19), (267, 19), (268, 19), -- 커뮤니케이션

    -- 참여자 20 (프로그래머)이 나머지 평가
    (233, 20), (234, 20), (235, 20), (236, 20), (237, 20), (238, 20), -- 업무 수행
    (269, 20), (270, 20), (271, 20), (272, 20), (273, 20), (274, 20), -- 커뮤니케이션

    -- 참여자 21 (테스터)이 나머지 평가
    (239, 21), (240, 21), (241, 21), (242, 21), (243, 21), (244, 21), -- 업무 수행
    (275, 21), (276, 21), (277, 21), (278, 21), (279, 21), (280, 21); -- 커뮤니케이션

INSERT INTO partner_evaluation (id, partner_id)
VALUES
    -- 참여자 23 (PL)이 나머지 평가
    (307, 23), (308, 23), (309, 23), (310, 23), (311, 23), (312, 23), -- 업무 수행
    (343, 23), (344, 23), (345, 23), (346, 23), (347, 23), (348, 23), -- 커뮤니케이션

    -- 참여자 24 (분석자)이 나머지 평가
    (313, 24), (314, 24), (315, 24), (316, 24), (317, 24), (318, 24), -- 업무 수행
    (349, 24), (350, 24), (351, 24), (352, 24), (353, 24), (354, 24), -- 커뮤니케이션

    -- 참여자 25 (설계자)이 나머지 평가
    (319, 25), (320, 25), (321, 25), (322, 25), (323, 25), (324, 25), -- 업무 수행
    (355, 25), (356, 25), (357, 25), (358, 25), (359, 25), (360, 25), -- 커뮤니케이션

    -- 참여자 26 (프로그래머)이 나머지 평가
    (325, 26), (326, 26), (327, 26), (328, 26), (329, 26), (330, 26), -- 업무 수행
    (361, 26), (362, 26), (363, 26), (364, 26), (365, 26), (366, 26), -- 커뮤니케이션

    -- 참여자 27 (프로그래머)이 나머지 평가
    (331, 27), (332, 27), (333, 27), (334, 27), (335, 27), (336, 27), -- 업무 수행
    (367, 27), (368, 27), (369, 27), (370, 27), (371, 27), (372, 27), -- 커뮤니케이션

    -- 참여자 28 (테스터)이 나머지 평가
    (337, 28), (338, 28), (339, 28), (340, 28), (341, 28), (342, 28), -- 업무 수행
    (373, 28), (374, 28), (375, 28), (376, 28), (377, 28), (378, 28); -- 커뮤니케이션


INSERT INTO pm_evaluation (id, pm_id)
VALUES
    -- 업무 수행
    (1, 1), (2, 1), (3, 1), (4, 1), (5, 1), (6, 1),

    -- 커뮤니케이션
    (7, 1), (8, 1), (9, 1), (10, 1), (11, 1), (12, 1);

INSERT INTO partner_evaluation (id, partner_id)
VALUES
    -- 참여자 2 (PL)이 나머지 평가
    (13, 2), (14, 2), (15, 2), (16, 2), (17, 2), (18, 2), -- 업무 수행
    (49, 2), (50, 2), (51, 2), (52, 2), (53, 2), (54, 2), -- 커뮤니케이션

    -- 참여자 3 (분석자)이 나머지 평가
    (19, 3), (20, 3), (21, 3), (22, 3), (23, 3), (24, 3), -- 업무 수행
    (55, 3), (56, 3), (57, 3), (58, 3), (59, 3), (60, 3), -- 커뮤니케이션

    -- 참여자 4 (설계자)이 나머지 평가
    (25, 4), (26, 4), (27, 4), (28, 4), (29, 4), (30, 4), -- 업무 수행
    (61, 4), (62, 4), (63, 4), (64, 4), (65, 4), (66, 4), -- 커뮤니케이션

    -- 참여자 5 (프로그래머)이 나머지 평가
    (31, 5), (32, 5), (33, 5), (34, 5), (35, 5), (36, 5), -- 업무 수행
    (67, 5), (68, 5), (69, 5), (70, 5), (71, 5), (72, 5), -- 커뮤니케이션

    -- 참여자 6 (프로그래머)이 나머지 평가
    (37, 6), (38, 6), (39, 6), (40, 6), (41, 6), (42, 6), -- 업무 수행
    (73, 6), (74, 6), (75, 6), (76, 6), (77, 6), (78, 6), -- 커뮤니케이션

    -- 참여자 7 (테스터)이 나머지 평가
    (43, 7), (44, 7), (45, 7), (46, 7), (47, 7), (48, 7), -- 업무 수행
    (79, 7), (80, 7), (81, 7), (82, 7), (83, 7), (84, 7); -- 커뮤니케이션

INSERT INTO partner_evaluation (id, partner_id)
VALUES
    -- 참여자 9 (PL)이 나머지 평가
    (111, 9), (112, 9), (113, 9), (114, 9), (115, 9), (116, 9), -- 업무 수행
    (147, 9), (148, 9), (149, 9), (150, 9), (151, 9), (152, 9), -- 커뮤니케이션

    -- 참여자 10 (분석자)이 나머지 평가
    (117, 10), (118, 10), (119, 10), (120, 10), (121, 10), (122, 10), -- 업무 수행
    (153, 10), (154, 10), (155, 10), (156, 10), (157, 10), (158, 10), -- 커뮤니케이션

    -- 참여자 11 (설계자)이 나머지 평가
    (123, 11), (124, 11), (125, 11), (126, 11), (127, 11), (128, 11), -- 업무 수행
    (159, 11), (160, 11), (161, 11), (162, 11), (163, 11), (164, 11), -- 커뮤니케이션

    -- 참여자 12 (프로그래머)이 나머지 평가
    (129, 12), (130, 12), (131, 12), (132, 12), (133, 12), (134, 12), -- 업무 수행
    (165, 12), (166, 12), (167, 12), (168, 12), (169, 12), (170, 12), -- 커뮤니케이션

    -- 참여자 13 (프로그래머)이 나머지 평가
    (135, 13), (136, 13), (137, 13), (138, 13), (139, 13), (140, 13), -- 업무 수행
    (171, 13), (172, 13), (173, 13), (174, 13), (175, 13), (176, 13), -- 커뮤니케이션

    -- 참여자 14 (테스터)이 나머지 평가
    (141, 14), (142, 14), (143, 14), (144, 14), (145, 14), (146, 14), -- 업무 수행
    (177, 14), (178, 14), (179, 14), (180, 14), (181, 14), (182, 14); -- 커뮤니케이션

INSERT INTO partner_evaluation (id, partner_id)
VALUES
    -- 참여자 16 (PL)이 나머지 평가
    (209, 16), (210, 16), (211, 16), (212, 16), (213, 16), (214, 16), -- 업무 수행
    (245, 16), (246, 16), (247, 16), (248, 16), (249, 16), (250, 16), -- 커뮤니케이션

    -- 참여자 17 (분석자)이 나머지 평가
    (215, 17), (216, 17), (217, 17), (218, 17), (219, 17), (220, 17), -- 업무 수행
    (251, 17), (252, 17), (253, 17), (254, 17), (255, 17), (256, 17), -- 커뮤니케이션

    -- 참여자 18 (설계자)이 나머지 평가
    (221, 18), (222, 18), (223, 18), (224, 18), (225, 18), (226, 18), -- 업무 수행
    (257, 18), (258, 18), (259, 18), (260, 18), (261, 18), (262, 18), -- 커뮤니케이션

    -- 참여자 19 (프로그래머)이 나머지 평가
    (227, 19), (228, 19), (229, 19), (230, 19), (231, 19), (232, 19), -- 업무 수행
    (263, 19), (264, 19), (265, 19), (266, 19), (267, 19), (268, 19), -- 커뮤니케이션

    -- 참여자 20 (프로그래머)이 나머지 평가
    (233, 20), (234, 20), (235, 20), (236, 20), (237, 20), (238, 20), -- 업무 수행
    (269, 20), (270, 20), (271, 20), (272, 20), (273, 20), (274, 20), -- 커뮤니케이션

    -- 참여자 21 (테스터)이 나머지 평가
    (239, 21), (240, 21), (241, 21), (242, 21), (243, 21), (244, 21), -- 업무 수행
    (275, 21), (276, 21), (277, 21), (278, 21), (279, 21), (280, 21); -- 커뮤니케이션

INSERT INTO partner_evaluation (id, partner_id)
VALUES
    -- 참여자 23 (PL)이 나머지 평가
    (307, 23), (308, 23), (309, 23), (310, 23), (311, 23), (312, 23), -- 업무 수행
    (343, 23), (344, 23), (345, 23), (346, 23), (347, 23), (348, 23), -- 커뮤니케이션

    -- 참여자 24 (분석자)이 나머지 평가
    (313, 24), (314, 24), (315, 24), (316, 24), (317, 24), (318, 24), -- 업무 수행
    (349, 24), (350, 24), (351, 24), (352, 24), (353, 24), (354, 24), -- 커뮤니케이션

    -- 참여자 25 (설계자)이 나머지 평가
    (319, 25), (320, 25), (321, 25), (322, 25), (323, 25), (324, 25), -- 업무 수행
    (355, 25), (356, 25), (357, 25), (358, 25), (359, 25), (360, 25), -- 커뮤니케이션

    -- 참여자 26 (프로그래머)이 나머지 평가
    (325, 26), (326, 26), (327, 26), (328, 26), (329, 26), (330, 26), -- 업무 수행
    (361, 26), (362, 26), (363, 26), (364, 26), (365, 26), (366, 26), -- 커뮤니케이션

    -- 참여자 27 (프로그래머)이 나머지 평가
    (331, 27), (332, 27), (333, 27), (334, 27), (335, 27), (336, 27), -- 업무 수행
    (367, 27), (368, 27), (369, 27), (370, 27), (371, 27), (372, 27), -- 커뮤니케이션

    -- 참여자 28 (테스터)이 나머지 평가
    (337, 28), (338, 28), (339, 28), (340, 28), (341, 28), (342, 28), -- 업무 수행
    (373, 28), (374, 28), (375, 28), (376, 28), (377, 28), (378, 28); -- 커뮤니케이션

INSERT INTO pm_evaluation (id, pm_id)
VALUES
    -- 업무 수행
    (1, 1), (2, 1), (3, 1), (4, 1), (5, 1), (6, 1),

    -- 커뮤니케이션
    (7, 1), (8, 1), (9, 1), (10, 1), (11, 1), (12, 1);

-- ===== pm_evaluation (6 stmt) =====
INSERT INTO pm_evaluation (id, pm_id)
VALUES
    -- 업무 수행
    (99, 8), (100, 8), (101, 8), (102, 8), (103, 8), (104, 8),

    -- 커뮤니케이션
    (105, 8), (106, 8), (107, 8), (108, 8), (109, 8), (110, 8);

INSERT INTO pm_evaluation (id, pm_id)
VALUES
    -- 업무 수행
    (197, 15), (198, 15), (199, 15), (200, 15), (201, 15), (202, 15),

    -- 커뮤니케이션
    (203, 15), (204, 15), (205, 15), (206, 15), (207, 15), (208, 15);

INSERT INTO pm_evaluation (id, pm_id)
VALUES
    -- 업무 수행
    (295, 22), (296, 22), (297, 22), (298, 22), (299, 22), (300, 22),

    -- 커뮤니케이션
    (301, 22), (302, 22), (303, 22), (304, 22), (305, 22), (306, 22);

INSERT INTO pm_evaluation (id, pm_id)
VALUES
    -- 업무 수행
    (99, 8), (100, 8), (101, 8), (102, 8), (103, 8), (104, 8),

    -- 커뮤니케이션
    (105, 8), (106, 8), (107, 8), (108, 8), (109, 8), (110, 8);

INSERT INTO pm_evaluation (id, pm_id)
VALUES
    -- 업무 수행
    (197, 15), (198, 15), (199, 15), (200, 15), (201, 15), (202, 15),

    -- 커뮤니케이션
    (203, 15), (204, 15), (205, 15), (206, 15), (207, 15), (208, 15);

INSERT INTO pm_evaluation (id, pm_id)
VALUES
    -- 업무 수행
    (295, 22), (296, 22), (297, 22), (298, 22), (299, 22), (300, 22),

    -- 커뮤니케이션
    (301, 22), (302, 22), (303, 22), (304, 22), (305, 22), (306, 22);

-- ===== study_activity_history (1 stmt) =====
-- 스터디 활동 기록 테이블 데이터 삽입
INSERT INTO study_activity_history (id, study_id, activity_date, content)
VALUES
    -- 알고리즘 정복 (스터디 ID: 1)
    (1, 1, '2024-01-01', '정렬 알고리즘 심화 학습'),
    (2, 1, '2024-01-08', '그래프 이론과 탐색 알고리즘'),
    (3, 1, '2024-01-15', '동적 프로그래밍 문제 풀이'),
    (4, 1, '2024-01-22', '탐욕법과 백트래킹 사례 분석'),
    (5, 1, '2024-01-29', '코딩 테스트 실전 모의고사'),

    -- 문제 해결 마스터 (스터디 ID: 2)
    (6, 2, '2024-01-02', '최단 경로 알고리즘 학습'),
    (7, 2, '2024-01-09', '이진 탐색과 분할 정복 기법'),
    (8, 2, '2024-01-16', '문자열 처리와 해싱 기법'),
    (9, 2, '2024-01-23', '수학적 알고리즘과 수열 문제 풀이'),
    (10, 2, '2024-01-30', '팀 프로젝트: 문제 해결 발표'),

    -- 데이터 분석의 길 (스터디 ID: 3)
    (11, 3, '2024-02-01', 'Python으로 데이터 분석 시작하기'),
    (12, 3, '2024-02-08', 'Pandas와 Numpy를 활용한 데이터 처리'),
    (13, 3, '2024-02-15', '시각화 도구 Matplotlib 실습'),
    (14, 3, '2024-02-22', 'EDA(Exploratory Data Analysis) 사례 연구'),
    (15, 3, '2024-02-29', '데이터 클렌징과 이상치 처리'),

    -- 클라우드 완전 정복 (스터디 ID: 4)
    (16, 4, '2024-03-01', 'AWS 기초 사용법 익히기'),
    (17, 4, '2024-03-08', 'Docker와 Kubernetes 개념 학습'),
    (18, 4, '2024-03-15', '클라우드 아키텍처 설계 사례 분석'),
    (19, 4, '2024-03-22', 'DevOps 자동화 도구 실습'),
    (20, 4, '2024-03-29', '클라우드 서비스 최적화 방법'),

    -- 인공지능 혁명 (스터디 ID: 5)
    (21, 5, '2024-04-01', '머신러닝 기초 이론 학습'),
    (22, 5, '2024-04-08', 'TensorFlow를 활용한 딥러닝 모델 생성'),
    (23, 5, '2024-04-15', '자연어 처리(NLP) 사례 연구'),
    (24, 5, '2024-04-22', '강화 학습 이론 및 실습'),
    (25, 5, '2024-04-29', '프로젝트: AI 모델 성능 개선'),

    -- AI 프로젝트 실전 (스터디 ID: 6)
    (26, 6, '2024-05-01', 'AI 프로젝트 기획 및 데이터 수집'),
    (27, 6, '2024-05-08', '모델 설계 및 프로토타입 개발'),
    (28, 6, '2024-05-15', '프로젝트 테스트 및 성능 평가'),
    (29, 6, '2024-05-22', '프로젝트 발표 자료 준비'),
    (30, 6, '2024-05-29', '최종 프로젝트 발표 및 피드백');

-- ===== study_participation (1 stmt) =====
-- 스터디 참여 테이블 데이터 삽입
INSERT INTO study_participation (id, study_id, employee_id)
VALUES

    (1, 1, 1),
    (2, 1, 18),
    (3, 1, 22),
    (4, 1, 26),
    (5, 1, 27),
    (6, 1, 29),

    (7, 2, 8),
    (8, 2, 13),
    (9, 2, 14),
    (10, 2, 23),
    (11, 2, 28),
    (12, 2, 30),

    (13, 3, 3),
    (14, 3, 7),
    (15, 3, 19),
    (16, 3, 20),
    (17, 3, 34),
    (18, 3, 35),

    (19, 4, 2),
    (20, 4, 5),
    (21, 4, 9),
    (22, 4, 12),
    (23, 4, 17),
    (24, 4, 36),

    (25, 5, 10),
    (26, 5, 15),
    (27, 5, 24),
    (28, 5, 25),
    (29, 5, 31),
    (30, 5, 32),

    (31, 6, 4),
    (32, 6, 6),
    (33, 6, 11),
    (34, 6, 16),
    (35, 6, 26),
    (36, 6, 33);

-- ===== UNMATCHED (review manually) =====
COMMIT;
COMMIT;
COMMIT;
COMMIT;
COMMIT;
COMMIT;