-- ============================================================
-- ERP System DML
-- 직급 정책: 사원 3600만/15일, +400만/+2일 per 직급
-- 직원: 경영관리10, 개발자50, 마케팅20, 연구개발20
-- ============================================================
USE cmm;

SET FOREIGN_KEY_CHECKS = 0;
TRUNCATE TABLE seminar_evaluation;
TRUNCATE TABLE seminar_participation;
TRUNCATE TABLE seminar;
TRUNCATE TABLE study_activity_history;
TRUNCATE TABLE study_participation;
TRUNCATE TABLE study;
TRUNCATE TABLE partner_evaluation;
TRUNCATE TABLE pm_evaluation;
TRUNCATE TABLE customer_evaluation;
TRUNCATE TABLE evaluation_item;
TRUNCATE TABLE evaluation;
TRUNCATE TABLE output;
TRUNCATE TABLE project_participation;
TRUNCATE TABLE project;
TRUNCATE TABLE customer;
TRUNCATE TABLE leave_records;
TRUNCATE TABLE hr_records;
TRUNCATE TABLE career;
TRUNCATE TABLE management;
TRUNCATE TABLE developer;
TRUNCATE TABLE employee;
TRUNCATE TABLE `position`;
SET FOREIGN_KEY_CHECKS = 1;

-- ── 직급 ──────────────────────────────────────────────────
INSERT INTO `position` (id, position_name, salary, annual_leave_days) VALUES
(1, '사원', 36000000, 15),
(2, '대리', 40000000, 17),
(3, '과장', 44000000, 19),
(4, '부장', 48000000, 21),
(5, '이사', 52000000, 23);

-- ── 직원 (100명) ─────────────────────────────────────────
-- hire_date 기준 직급: <2년=사원, 2~4=대리, 4~6=과장, 6~8=부장, 8+년=이사
-- 경영관리 1~10, 개발자 11~60, 마케팅 61~80, 연구개발 81~100

INSERT INTO `employee` (id, position_id, employee_name, resident_number, education, department, phone_number, email, hire_date) VALUES
-- 경영관리
(1,  5, '이경주', '750104-1000001', '서울대학교 경영학과 졸업',       '경영관리', '010-1001-0001', 'gyeongju.lee@erp.com',   '2010-01-04'),
(2,  5, '김성훈', '780301-1000002', '연세대학교 경제학과 졸업',       '경영관리', '010-1001-0002', 'sunghoon.kim@erp.com',   '2012-03-01'),
(3,  4, '박준혁', '830401-1000003', '고려대학교 경영학과 졸업',       '경영관리', '010-1001-0003', 'junhyeok.park@erp.com',  '2019-04-01'),
(4,  4, '최성민', '850601-1000004', '성균관대학교 행정학과 졸업',     '경영관리', '010-1001-0004', 'sungmin.choi@erp.com',   '2018-06-01'),
(5,  3, '정현우', '900201-1000005', '한양대학교 경영학과 졸업',       '경영관리', '010-1001-0005', 'hyunwoo.jung@erp.com',   '2021-02-01'),
(6,  3, '강민재', '911101-1000006', '중앙대학교 경영정보학과 졸업',   '경영관리', '010-1001-0006', 'minjae.kang@erp.com',    '2020-11-01'),
(7,  3, '조태영', '920103-1000007', '경희대학교 경영학과 졸업',       '경영관리', '010-1001-0007', 'taeyoung.jo@erp.com',    '2022-01-03'),
(8,  2, '윤재원', '950302-1000008', '이화여대 경영학과 졸업',         '경영관리', '010-1001-0008', 'jaewon.yun@erp.com',     '2023-03-02'),
(9,  2, '장지민', '940801-1000009', '홍익대학교 경영학과 졸업',       '경영관리', '010-1001-0009', 'jimin.jang@erp.com',     '2022-08-01'),
(10, 1, '임서준', '000106-3000010', '서울시립대학교 경영학과 졸업',   '경영관리', '010-1001-0010', 'seojun.lim@erp.com',     '2025-01-06'),
-- 개발자
(11, 3, '허건',   '900301-1000011', '카이스트 컴퓨터공학과 졸업',     '개발자',   '010-1001-0011', 'geon.heo@erp.com',       '2021-03-01'),
(12, 5, '이준호', '820504-1000012', '카이스트 전산학과 졸업',         '개발자',   '010-1001-0012', 'junho.lee@erp.com',      '2015-05-04'),
(13, 5, '박도현', '850201-1000013', 'POSTECH 컴퓨터공학과 졸업',      '개발자',   '010-1001-0013', 'dohyun.park@erp.com',    '2017-02-01'),
(14, 4, '김태현', '880701-1000014', '서울대학교 컴퓨터공학과 졸업',   '개발자',   '010-1001-0014', 'taehyun.kim@erp.com',    '2019-07-01'),
(15, 4, '최민준', '860903-1000015', '연세대학교 소프트웨어학과 졸업', '개발자',   '010-1001-0015', 'minjun.choi@erp.com',    '2018-09-03'),
(16, 4, '정재원', '870102-1000016', '고려대학교 컴퓨터학과 졸업',     '개발자',   '010-1001-0016', 'jaewon.jung@erp.com',    '2019-01-02'),
(17, 4, '강동현', '880401-1000017', '성균관대학교 소프트웨어학과 졸업','개발자',  '010-1001-0017', 'donghyun.kang@erp.com',  '2020-04-01'),
(18, 4, '조성진', '890515-1000018', '한양대학교 컴퓨터공학과 졸업',   '개발자',   '010-1001-0018', 'sungjin.jo@erp.com',     '2020-05-15'),
(19, 3, '윤현석', '910701-1000019', '중앙대학교 컴퓨터공학과 졸업',   '개발자',   '010-1001-0019', 'hyunseok.yun@erp.com',   '2020-07-01'),
(20, 3, '장민호', '920901-1000020', '경희대학교 소프트웨어학과 졸업', '개발자',   '010-1001-0020', 'minho.jang@erp.com',     '2020-09-01'),
(21, 3, '임지훈', '911102-1000021', '인하대학교 컴퓨터공학과 졸업',   '개발자',   '010-1001-0021', 'jihoon.lim@erp.com',     '2020-11-02'),
(22, 3, '한건우', '920104-1000022', '아주대학교 소프트웨어학과 졸업', '개발자',   '010-1001-0022', 'gunwoo.han@erp.com',     '2021-01-04'),
(23, 3, '오수현', '930302-2000023', '이화여대 컴퓨터공학과 졸업',     '개발자',   '010-1001-0023', 'suhyun.oh@erp.com',      '2021-03-02'),
(24, 3, '서재민', '910503-1000024', '서울대학교 컴퓨터공학과 졸업',   '개발자',   '010-1001-0024', 'jaemin.seo@erp.com',     '2021-05-03'),
(25, 3, '신태양', '920701-1000025', '연세대학교 컴퓨터과학과 졸업',   '개발자',   '010-1001-0025', 'taeyang.shin@erp.com',   '2021-07-01'),
(26, 3, '권지원', '930901-2000026', '고려대학교 소프트웨어학과 졸업', '개발자',   '010-1001-0026', 'jiwon.kwon@erp.com',     '2021-09-01'),
(27, 3, '황민혁', '921101-1000027', '카이스트 전산학과 졸업',         '개발자',   '010-1001-0027', 'minhyuk.hwang@erp.com',  '2021-11-01'),
(28, 3, '안준서', '930103-1000028', '성균관대학교 컴퓨터공학과 졸업', '개발자',   '010-1001-0028', 'junseo.ahn@erp.com',     '2022-01-03'),
(29, 3, '송현우', '940302-1000029', '한양대학교 소프트웨어학과 졸업', '개발자',   '010-1001-0029', 'hyunwoo.song@erp.com',   '2022-03-02'),
(30, 3, '류도훈', '930502-1000030', '인하대학교 컴퓨터공학과 졸업',   '개발자',   '010-1001-0030', 'dohoon.ryu@erp.com',     '2022-05-02'),
(31, 2, '전성호', '950601-1000031', '아주대학교 소프트웨어학과 졸업', '개발자',   '010-1001-0031', 'sungho.jun@erp.com',     '2022-06-01'),
(32, 2, '홍태민', '960801-1000032', '경희대학교 컴퓨터공학과 졸업',   '개발자',   '010-1001-0032', 'taemin.hong@erp.com',    '2022-08-01'),
(33, 2, '고지현', '951003-2000033', '서울시립대학교 소프트웨어학과 졸업','개발자','010-1001-0033', 'jihyun.ko@erp.com',      '2022-10-03'),
(34, 2, '문수아', '961201-2000034', '중앙대학교 컴퓨터공학과 졸업',   '개발자',   '010-1001-0034', 'sua.moon@erp.com',       '2022-12-01'),
(35, 2, '양서아', '970201-2000035', '한양대학교 컴퓨터공학과 졸업',   '개발자',   '010-1001-0035', 'seoa.yang@erp.com',      '2023-02-01'),
(36, 2, '손하은', '960403-2000036', '연세대학교 소프트웨어학과 졸업', '개발자',   '010-1001-0036', 'haeun.son@erp.com',      '2023-04-03'),
(37, 2, '배지아', '970601-2000037', '고려대학교 컴퓨터학과 졸업',     '개발자',   '010-1001-0037', 'jia.bae@erp.com',        '2023-06-01'),
(38, 2, '백민서', '980801-2000038', '성균관대학교 소프트웨어학과 졸업','개발자',  '010-1001-0038', 'minseo.baek@erp.com',    '2023-08-01'),
(39, 2, '허하린', '971002-2000039', '카이스트 전산학과 졸업',         '개발자',   '010-1001-0039', 'harin.heo@erp.com',      '2023-10-02'),
(40, 2, '남예린', '981201-2000040', '인하대학교 컴퓨터공학과 졸업',   '개발자',   '010-1001-0040', 'yerin.nam@erp.com',      '2023-12-01'),
(41, 2, '심유진', '990102-2000041', '아주대학교 소프트웨어학과 졸업', '개발자',   '010-1001-0041', 'yujin.sim@erp.com',      '2024-01-02'),
(42, 2, '노소현', '990201-2000042', '경희대학교 컴퓨터공학과 졸업',   '개발자',   '010-1001-0042', 'sohyun.noh@erp.com',     '2024-02-01'),
(43, 2, '하지수', '990304-2000043', '이화여대 컴퓨터공학과 졸업',     '개발자',   '010-1001-0043', 'jisu.ha@erp.com',        '2024-03-04'),
(44, 2, '곽서연', '990401-2000044', '서울시립대학교 소프트웨어학과 졸업','개발자','010-1001-0044', 'seoyeon.kwak@erp.com',   '2024-04-01'),
(45, 2, '성지연', '950701-2000045', '중앙대학교 컴퓨터공학과 졸업',   '개발자',   '010-1001-0045', 'jiyeon.sung@erp.com',    '2022-07-01'),
(46, 2, '차나은', '960901-2000046', '한양대학교 컴퓨터공학과 졸업',   '개발자',   '010-1001-0046', 'naeun.cha@erp.com',      '2022-09-01'),
(47, 2, '주수빈', '951101-2000047', '고려대학교 소프트웨어학과 졸업', '개발자',   '010-1001-0047', 'subin.ju@erp.com',       '2022-11-01'),
(48, 2, '우주희', '960102-2000048', '성균관대학교 컴퓨터공학과 졸업', '개발자',   '010-1001-0048', 'juhee.woo@erp.com',      '2023-01-02'),
(49, 1, '구민지', '000603-4000049', '연세대학교 소프트웨어학과 졸업', '개발자',   '010-1001-0049', 'minji.koo@erp.com',      '2024-06-03'),
(50, 1, '신혜진', '000701-4000050', '카이스트 전산학과 졸업',         '개발자',   '010-1001-0050', 'hyejin.shin@erp.com',    '2024-07-01'),
(51, 1, '임예지', '010801-4000051', '서울대학교 컴퓨터공학과 졸업',   '개발자',   '010-1001-0051', 'yeji.lim@erp.com',       '2024-08-01'),
(52, 1, '나수연', '010902-4000052', '인하대학교 컴퓨터공학과 졸업',   '개발자',   '010-1001-0052', 'suyeon.na@erp.com',      '2024-09-02'),
(53, 1, '유혜원', '011001-4000053', '아주대학교 소프트웨어학과 졸업', '개발자',   '010-1001-0053', 'hyewon.yu@erp.com',      '2024-10-01'),
(54, 1, '진은지', '011101-4000054', '경희대학교 컴퓨터공학과 졸업',   '개발자',   '010-1001-0054', 'eunji.jin@erp.com',      '2024-11-01'),
(55, 1, '엄재영', '011202-4000055', '중앙대학교 소프트웨어학과 졸업', '개발자',   '010-1001-0055', 'jaeyoung.um@erp.com',    '2024-12-02'),
(56, 1, '채병준', '020102-3000056', '한양대학교 컴퓨터공학과 졸업',   '개발자',   '010-1001-0056', 'byungjun.chae@erp.com',  '2025-01-02'),
(57, 1, '원정훈', '020203-3000057', '고려대학교 소프트웨어학과 졸업', '개발자',   '010-1001-0057', 'junghoon.won@erp.com',   '2025-02-03'),
(58, 1, '천성진', '020303-3000058', '성균관대학교 컴퓨터공학과 졸업', '개발자',   '010-1001-0058', 'sungjin.cheon@erp.com',  '2025-03-03'),
(59, 1, '방동훈', '020401-3000059', 'POSTECH 컴퓨터공학과 졸업',      '개발자',   '010-1001-0059', 'donghoon.bang@erp.com',  '2025-04-01'),
(60, 1, '공성민', '020501-3000060', '카이스트 전산학과 졸업',         '개발자',   '010-1001-0060', 'sungmin.kong@erp.com',   '2025-05-01'),
-- 마케팅
(61, 5, '김현민', '800401-1000061', '한양대학교 마케팅학과 졸업',     '마케팅',   '010-1001-0061', 'hyunmin.kim@erp.com',    '2013-04-01'),
(62, 4, '이광민', '840702-1000062', '중앙대학교 광고홍보학과 졸업',   '마케팅',   '010-1001-0062', 'gwangmin.lee@erp.com',   '2018-07-02'),
(63, 4, '박태영', '860304-1000063', '경희대학교 미디어학과 졸업',     '마케팅',   '010-1001-0063', 'taeyoung.park@erp.com',  '2019-03-04'),
(64, 4, '최병호', '880102-1000064', '이화여대 경영학과 졸업',         '마케팅',   '010-1001-0064', 'byungho.choi@erp.com',   '2020-01-02'),
(65, 3, '정도훈', '890601-1000065', '홍익대학교 광고홍보학과 졸업',   '마케팅',   '010-1001-0065', 'dohoon.jung@erp.com',    '2020-06-01'),
(66, 3, '강성민', '900803-1000066', '서울시립대학교 경영학과 졸업',   '마케팅',   '010-1001-0066', 'sungmin.kang@erp.com',   '2020-08-03'),
(67, 3, '조재훈', '910104-1000067', '한양대학교 마케팅학과 졸업',     '마케팅',   '010-1001-0067', 'jaehoon.jo@erp.com',     '2021-01-04'),
(68, 3, '윤대현', '920601-1000068', '중앙대학교 광고홍보학과 졸업',   '마케팅',   '010-1001-0068', 'daehyun.yun@erp.com',    '2021-06-01'),
(69, 3, '장병헌', '911004-1000069', '경희대학교 미디어학과 졸업',     '마케팅',   '010-1001-0069', 'byunghun.jang@erp.com',  '2021-10-04'),
(70, 3, '임승현', '920207-1000070', '고려대학교 마케팅학과 졸업',     '마케팅',   '010-1001-0070', 'seunghyun.lim@erp.com',  '2022-02-07'),
(71, 2, '한상현', '940601-1000071', '연세대학교 경영학과 졸업',       '마케팅',   '010-1001-0071', 'sanghyun.han@erp.com',   '2022-06-01'),
(72, 2, '오현석', '950901-1000072', '성균관대학교 광고홍보학과 졸업', '마케팅',   '010-1001-0072', 'hyunseok.oh@erp.com',    '2022-09-01'),
(73, 2, '서재석', '960102-1000073', '한양대학교 미디어학과 졸업',     '마케팅',   '010-1001-0073', 'jaeseok.seo@erp.com',    '2023-01-02'),
(74, 2, '신동석', '960502-1000074', '홍익대학교 광고홍보학과 졸업',   '마케팅',   '010-1001-0074', 'dongseok.shin@erp.com',  '2023-05-02'),
(75, 2, '권주석', '970801-1000075', '중앙대학교 경영학과 졸업',       '마케팅',   '010-1001-0075', 'juseok.kwon@erp.com',    '2023-08-01'),
(76, 2, '황재민', '980102-1000076', '경희대학교 마케팅학과 졸업',     '마케팅',   '010-1001-0076', 'jaemin.hwang@erp.com',   '2024-01-02'),
(77, 1, '안현민', '000603-3000077', '고려대학교 광고홍보학과 졸업',   '마케팅',   '010-1001-0077', 'hyunmin.ahn@erp.com',    '2024-06-03'),
(78, 1, '송광민', '000902-3000078', '연세대학교 경영학과 졸업',       '마케팅',   '010-1001-0078', 'gwangmin.song@erp.com',  '2024-09-02'),
(79, 1, '류태영', '010303-3000079', '서울대학교 경영학과 졸업',       '마케팅',   '010-1001-0079', 'taeyoung.ryu@erp.com',   '2025-03-03'),
(80, 1, '전병호', '010801-3000080', '성균관대학교 마케팅학과 졸업',   '마케팅',   '010-1001-0080', 'byungho.jun@erp.com',    '2025-08-01'),
-- 연구개발
(81, 4, '홍도훈', '870506-1000081', 'POSTECH 화학공학과 졸업',        '연구개발', '010-1001-0081', 'dohoon.hong@erp.com',    '2019-05-06'),
(82, 4, '고성민', '880302-1000082', '카이스트 재료공학과 졸업',       '연구개발', '010-1001-0082', 'sungmin.ko@erp.com',     '2020-03-02'),
(83, 3, '문재훈', '890601-1000083', '서울대학교 화학과 졸업',         '연구개발', '010-1001-0083', 'jaehoon.moon@erp.com',   '2020-06-01'),
(84, 3, '양대현', '901005-1000084', '연세대학교 생명공학과 졸업',     '연구개발', '010-1001-0084', 'daehyun.yang@erp.com',   '2020-10-05'),
(85, 3, '손병헌', '910201-1000085', '고려대학교 화학공학과 졸업',     '연구개발', '010-1001-0085', 'byunghun.son@erp.com',   '2021-02-01'),
(86, 3, '배승현', '920601-1000086', '성균관대학교 생명공학과 졸업',   '연구개발', '010-1001-0086', 'seunghyun.bae@erp.com',  '2021-06-01'),
(87, 3, '백상현', '911101-1000087', '한양대학교 화학과 졸업',         '연구개발', '010-1001-0087', 'sanghyun.baek@erp.com',  '2021-11-01'),
(88, 3, '허현석', '920404-1000088', '인하대학교 화학공학과 졸업',     '연구개발', '010-1001-0088', 'hyunseok.heo@erp.com',   '2022-04-04'),
(89, 2, '남재석', '940601-1000089', '아주대학교 생명공학과 졸업',     '연구개발', '010-1001-0089', 'jaeseok.nam@erp.com',    '2022-06-01'),
(90, 2, '심동석', '950901-1000090', '경희대학교 화학과 졸업',         '연구개발', '010-1001-0090', 'dongseok.sim@erp.com',   '2022-09-01'),
(91, 2, '노주석', '960102-1000091', '중앙대학교 화학공학과 졸업',     '연구개발', '010-1001-0091', 'juseok.noh@erp.com',     '2023-01-02'),
(92, 2, '하재민', '960403-1000092', '이화여대 생명공학과 졸업',       '연구개발', '010-1001-0092', 'jaemin.ha@erp.com',      '2023-04-03'),
(93, 2, '곽현민', '970703-1000093', '서울시립대학교 화학과 졸업',     '연구개발', '010-1001-0093', 'hyunmin.kwak@erp.com',   '2023-07-03'),
(94, 2, '성광민', '971002-1000094', '인하대학교 생명공학과 졸업',     '연구개발', '010-1001-0094', 'gwangmin.sung@erp.com',  '2023-10-02'),
(95, 2, '차태영', '980102-1000095', '아주대학교 화학공학과 졸업',     '연구개발', '010-1001-0095', 'taeyoung.cha@erp.com',   '2024-01-02'),
(96, 2, '주병호', '980401-1000096', '경희대학교 화학과 졸업',         '연구개발', '010-1001-0096', 'byungho.ju@erp.com',     '2024-04-01'),
(97, 1, '우도훈', '000603-3000097', '고려대학교 생명공학과 졸업',     '연구개발', '010-1001-0097', 'dohoon.woo@erp.com',     '2024-06-03'),
(98, 1, '구성민', '000902-3000098', '연세대학교 화학과 졸업',         '연구개발', '010-1001-0098', 'sungmin.koo@erp.com',    '2024-09-02'),
(99, 1, '신재훈', '010203-3000099', '성균관대학교 화학공학과 졸업',   '연구개발', '010-1001-0099', 'jaehoon.shin@erp.com',   '2025-02-03'),
(100,1, '임대현', '010701-3000100', '한양대학교 생명공학과 졸업',     '연구개발', '010-1001-0100', 'daehyun.im@erp.com',     '2025-07-01');

-- ── 개발자 ────────────────────────────────────────────────
INSERT INTO `developer` (id, tech) VALUES
(11, 'Java, Spring Boot, MySQL'),
(12, 'Java, MSA, Docker, Kubernetes'),
(13, 'Python, Django, PostgreSQL, Redis'),
(14, 'Java, Spring Boot, AWS, Terraform'),
(15, 'TypeScript, Node.js, React, MongoDB'),
(16, 'Go, gRPC, Kafka, Elasticsearch'),
(17, 'Java, Spring Cloud, RabbitMQ, MySQL'),
(18, 'Kotlin, Spring Boot, JPA, MySQL'),
(19, 'Java, Spring Boot, Oracle, MyBatis'),
(20, 'Python, Flask, TensorFlow, MySQL'),
(21, 'JavaScript, Vue.js, Node.js, MongoDB'),
(22, 'Java, Android, Firebase, MySQL'),
(23, 'Swift, iOS, Firebase, REST API'),
(24, 'Java, Spring MVC, MySQL, Redis'),
(25, 'Python, FastAPI, PostgreSQL, Docker'),
(26, 'React, TypeScript, GraphQL, PostgreSQL'),
(27, 'Java, Spark, Hadoop, HBase'),
(28, 'C++, Qt, MySQL, CMake'),
(29, 'PHP, Laravel, MySQL, Vue.js'),
(30, 'Ruby on Rails, PostgreSQL, Redis'),
(31, 'Java, Spring Boot, MySQL, JUnit'),
(32, 'Python, Django, MySQL, Celery'),
(33, 'JavaScript, React, Node.js, MySQL'),
(34, 'TypeScript, Angular, Java, PostgreSQL'),
(35, 'Kotlin, Android, Room, Retrofit'),
(36, 'Swift, iOS, CoreData, Alamofire'),
(37, 'Vue.js, Nuxt.js, Node.js, MongoDB'),
(38, 'React Native, TypeScript, Firebase'),
(39, 'Java, Spring Boot, Kafka, MySQL'),
(40, 'Python, Pandas, Scikit-learn, MySQL'),
(41, 'JavaScript, Express.js, MongoDB, Redis'),
(42, 'Java, Hibernate, MySQL, Maven'),
(43, 'C#, .NET Core, MSSQL, Azure'),
(44, 'Go, Gin, PostgreSQL, Docker'),
(45, 'Python, Jupyter, NumPy, MySQL'),
(46, 'React, Redux, TypeScript, MySQL'),
(47, 'Java, Spring Security, OAuth2, MySQL'),
(48, 'Dart, Flutter, Firebase, REST API'),
(49, 'JavaScript, Vue.js, MySQL, Git'),
(50, 'Python, Django, SQLite, HTML/CSS'),
(51, 'Java, Spring Boot, MySQL, Git'),
(52, 'TypeScript, Next.js, Prisma, MySQL'),
(53, 'Kotlin, Spring Boot, JPA, H2'),
(54, 'Swift, iOS, URLSession, Git'),
(55, 'React, JavaScript, CSS, HTML'),
(56, 'Python, Flask, SQLAlchemy, MySQL'),
(57, 'Java, Android, SQLite, Retrofit'),
(58, 'JavaScript, Node.js, Express, MongoDB'),
(59, 'C++, OpenCV, CMake, Git'),
(60, 'Python, TensorFlow, Keras, MySQL');

-- ── 경영관리 ──────────────────────────────────────────────
INSERT INTO `management` (id, permission_level) VALUES
(1,  '최고관리자'),
(2,  '관리자'),
(3,  '관리자'),
(4,  '관리자'),
(5,  '일반'),
(6,  '일반'),
(7,  '일반'),
(8,  '일반'),
(9,  '일반'),
(10, '일반');

-- ── 인사기록 (승진 이력) ─────────────────────────────────
INSERT INTO `hr_records` (id, employee_id, position_id, promotion_date) VALUES
-- 이경주(1): 이사 승진
(1,  1, 1, '2010-01-04'), (2,  1, 2, '2012-01-04'), (3,  1, 3, '2014-01-04'),
(4,  1, 4, '2016-01-04'), (5,  1, 5, '2018-01-04'),
-- 허건(11): 사원→대리→과장
(6,  11, 1, '2021-03-01'), (7,  11, 2, '2023-03-01'), (8,  11, 3, '2025-03-01'),
-- 이준호(12): 이사
(9,  12, 1, '2015-05-04'), (10, 12, 2, '2017-05-04'), (11, 12, 3, '2019-05-04'),
(12, 12, 4, '2021-05-04'), (13, 12, 5, '2023-05-04'),
-- 박도현(13): 이사
(14, 13, 1, '2017-02-01'), (15, 13, 2, '2019-02-01'), (16, 13, 3, '2021-02-01'),
(17, 13, 5, '2023-02-01'),
-- 김태현(14): 부장
(18, 14, 1, '2019-07-01'), (19, 14, 2, '2021-07-01'), (20, 14, 3, '2023-07-01'),
(21, 14, 4, '2025-07-01'),
-- 최민준(15): 부장
(22, 15, 1, '2018-09-03'), (23, 15, 2, '2020-09-03'), (24, 15, 3, '2022-09-03'),
(25, 15, 4, '2024-09-03');

-- ── 경력 (career.employee_id → developer.id) ─────────────
INSERT INTO `career` (id, employee_id, company_name, start_time, end_time) VALUES
(1,  12, 'SK C&C',           '2009-03-02', '2015-04-30'),
(2,  13, 'LG CNS',           '2010-07-01', '2017-01-31'),
(3,  14, '삼성SDS',           '2013-02-01', '2019-06-30'),
(4,  15, '현대오토에버',      '2013-09-02', '2018-08-31'),
(5,  16, '롯데정보통신',      '2014-03-03', '2018-12-31'),
(6,  11, '(주)스타트업랩',   '2018-07-02', '2021-02-28'),
(7,  17, 'KT DS',            '2015-01-05', '2020-03-31'),
(8,  18, 'NHN',              '2016-03-02', '2020-05-14'),
(9,  19, '카카오엔터프라이즈','2018-01-02', '2020-06-30'),
(10, 20, '쿠팡',             '2018-09-03', '2020-08-31');

-- ── 고객사 ────────────────────────────────────────────────
INSERT INTO `customer` (id, customer_name) VALUES
(1, '(주)테크솔루션'),
(2, '삼성전자'),
(3, '현대자동차'),
(4, 'LG유플러스'),
(5, 'SK텔레콤'),
(6, '카카오');

-- ── 프로젝트 (완료6, 진행중5, 기타10) ────────────────────
INSERT INTO `project` (id, customer_id, project_name, start_date, end_date) VALUES
-- 완료 (6)
(1,  1, 'ERP 시스템 구축',           '2023-01-02', '2023-12-31'),
(2,  2, '모바일 결제 플랫폼 개발',   '2022-06-01', '2023-05-31'),
(3,  3, '스마트 물류 관리 시스템',   '2023-03-01', '2024-02-29'),
(4,  4, '통합 CRM 개발',             '2022-01-03', '2022-12-31'),
(5,  5, '빅데이터 분석 플랫폼',      '2023-07-01', '2024-06-30'),
(6,  6, '클라우드 마이그레이션',     '2024-01-02', '2024-12-31'),
-- 진행중 (5)
(7,  1, 'AI 추천 시스템 개발',       '2025-01-06', NULL),
(8,  2, '블록체인 보안 솔루션',      '2025-04-01', NULL),
(9,  3, 'IoT 스마트팩토리 플랫폼',   '2025-07-01', NULL),
(10, 4, '메타버스 협업 플랫폼',      '2026-01-05', NULL),
(11, 5, '클라우드 네이티브 전환',    '2026-03-02', NULL),
-- 기타 (10)
(12, 6, '디지털 전환 컨설팅',        '2025-01-06', '2026-12-31'),
(13, 1, 'ERP 고도화 2차',            '2025-03-03', '2026-08-31'),
(14, 2, '앱 서비스 고도화',          '2025-06-02', '2026-09-30'),
(15, 3, '데이터 웨어하우스 구축',    '2025-02-03', '2026-11-30'),
(16, 4, '보안 시스템 강화',          '2025-04-07', '2026-06-30'),
(17, 5, 'MSA 아키텍처 전환',         '2025-07-01', '2026-10-31'),
(18, 6, '고객 포털 구축',            '2025-08-01', '2026-12-31'),
(19, 1, 'AI 기반 품질관리 시스템',   '2025-09-01', '2027-03-31'),
(20, 2, 'DevOps 파이프라인 구축',    '2025-10-01', '2026-12-31'),
(21, 3, '글로벌 플랫폼 개발',        '2026-01-05', '2027-06-30');

-- ── 프로젝트 투입 ─────────────────────────────────────────
INSERT INTO `project_participation` (id, project_id, developer_id, project_role, start_date, end_date) VALUES
-- P1 완료
(1,  1, 12, 'PM',             '2023-01-02', '2023-12-31'),
(2,  1, 11, '백엔드 개발',    '2023-01-02', '2023-12-31'),
(3,  1, 14, '아키텍처 설계',  '2023-01-02', '2023-12-31'),
(4,  1, 19, '백엔드 개발',    '2023-02-01', '2023-12-31'),
(5,  1, 20, '프론트엔드 개발','2023-02-01', '2023-12-31'),
-- P2 완료
(6,  2, 13, 'PM',             '2022-06-01', '2023-05-31'),
(7,  2, 15, '풀스택 개발',    '2022-06-01', '2023-05-31'),
(8,  2, 16, '백엔드 개발',    '2022-06-01', '2023-05-31'),
(9,  2, 21, '프론트엔드 개발','2022-08-01', '2023-05-31'),
(10, 2, 22, 'QA',             '2022-08-01', '2023-05-31'),
-- P3 완료
(11, 3, 12, 'PM',             '2023-03-01', '2024-02-29'),
(12, 3, 17, '백엔드 개발',    '2023-03-01', '2024-02-29'),
(13, 3, 18, '시스템 설계',    '2023-03-01', '2024-02-29'),
(14, 3, 23, '프론트엔드 개발','2023-04-01', '2024-02-29'),
(15, 3, 24, '백엔드 개발',    '2023-04-01', '2024-02-29'),
-- P4 완료
(16, 4, 13, 'PM',             '2022-01-03', '2022-12-31'),
(17, 4, 25, '풀스택 개발',    '2022-01-03', '2022-12-31'),
(18, 4, 26, '프론트엔드 개발','2022-01-03', '2022-12-31'),
(19, 4, 27, '백엔드 개발',    '2022-02-01', '2022-12-31'),
(20, 4, 28, 'DB 설계',        '2022-02-01', '2022-12-31'),
-- P5 완료
(21, 5, 14, 'PM',             '2023-07-01', '2024-06-30'),
(22, 5, 29, '데이터 엔지니어','2023-07-01', '2024-06-30'),
(23, 5, 30, '백엔드 개발',    '2023-07-01', '2024-06-30'),
(24, 5, 31, '프론트엔드 개발','2023-08-01', '2024-06-30'),
(25, 5, 32, '데이터 분석',    '2023-08-01', '2024-06-30'),
-- P6 완료
(26, 6, 15, 'PM',             '2024-01-02', '2024-12-31'),
(27, 6, 33, '클라우드 엔지니어','2024-01-02','2024-12-31'),
(28, 6, 34, '백엔드 개발',    '2024-01-02', '2024-12-31'),
(29, 6, 35, '프론트엔드 개발','2024-02-01', '2024-12-31'),
(30, 6, 36, 'DevOps',         '2024-02-01', '2024-12-31'),
-- P7 진행중
(31, 7, 12, 'PM',             '2025-01-06', NULL),
(32, 7, 37, '백엔드 개발',    '2025-01-06', NULL),
(33, 7, 38, 'ML 엔지니어',    '2025-01-06', NULL),
(34, 7, 39, '프론트엔드 개발','2025-02-01', NULL),
-- P8 진행중
(35, 8, 13, 'PM',             '2025-04-01', NULL),
(36, 8, 40, '보안 엔지니어',  '2025-04-01', NULL),
(37, 8, 41, '백엔드 개발',    '2025-04-01', NULL),
(38, 8, 42, '프론트엔드 개발','2025-05-01', NULL),
-- P9 진행중
(39, 9, 14, 'PM',             '2025-07-01', NULL),
(40, 9, 43, 'IoT 개발',       '2025-07-01', NULL),
(41, 9, 44, '백엔드 개발',    '2025-07-01', NULL),
(42, 9, 45, '프론트엔드 개발','2025-08-01', NULL),
-- P10 진행중
(43, 10, 16, 'PM',            '2026-01-05', NULL),
(44, 10, 46, '백엔드 개발',   '2026-01-05', NULL),
(45, 10, 47, '보안 개발',     '2026-01-05', NULL),
(46, 10, 48, '프론트엔드 개발','2026-02-01',NULL),
-- P11 진행중
(47, 11, 17, 'PM',            '2026-03-02', NULL),
(48, 11, 49, '클라우드 개발', '2026-03-02', NULL),
(49, 11, 50, '백엔드 개발',   '2026-03-02', NULL),
(50, 11, 51, '프론트엔드 개발','2026-04-01',NULL),
-- P12~P21 기타
(51, 12, 15, 'PM',            '2025-01-06', '2026-12-31'),
(52, 12, 52, '백엔드 개발',   '2025-01-06', '2026-12-31'),
(53, 12, 53, '프론트엔드 개발','2025-02-01','2026-12-31'),
(54, 13, 12, 'PM',            '2025-03-03', '2026-08-31'),
(55, 13, 54, '풀스택 개발',   '2025-03-03', '2026-08-31'),
(56, 13, 11, '아키텍처 설계', '2025-03-03', '2026-08-31'),
(57, 14, 13, 'PM',            '2025-06-02', '2026-09-30'),
(58, 14, 55, '백엔드 개발',   '2025-06-02', '2026-09-30'),
(59, 14, 56, '프론트엔드 개발','2025-07-01','2026-09-30'),
(60, 15, 16, 'PM',            '2025-02-03', '2026-11-30'),
(61, 15, 57, '데이터 엔지니어','2025-02-03','2026-11-30'),
(62, 15, 58, '백엔드 개발',   '2025-03-01', '2026-11-30'),
(63, 16, 17, 'PM',            '2025-04-07', '2026-06-30'),
(64, 16, 59, '보안 엔지니어', '2025-04-07', '2026-06-30'),
(65, 16, 60, '백엔드 개발',   '2025-05-01', '2026-06-30'),
(66, 17, 18, 'PM',            '2025-07-01', '2026-10-31'),
(67, 17, 31, '백엔드 개발',   '2025-07-01', '2026-10-31'),
(68, 17, 32, '인프라 개발',   '2025-08-01', '2026-10-31'),
(69, 18, 14, 'PM',            '2025-08-01', '2026-12-31'),
(70, 18, 33, '백엔드 개발',   '2025-08-01', '2026-12-31'),
(71, 18, 34, '프론트엔드 개발','2025-09-01','2026-12-31'),
(72, 19, 15, 'PM',            '2025-09-01', '2027-03-31'),
(73, 19, 35, 'ML 엔지니어',   '2025-09-01', '2027-03-31'),
(74, 19, 36, '데이터 엔지니어','2025-10-01','2027-03-31'),
(75, 20, 12, 'PM',            '2025-10-01', '2026-12-31'),
(76, 20, 37, 'DevOps',        '2025-10-01', '2026-12-31'),
(77, 20, 38, '인프라 엔지니어','2025-11-01','2026-12-31'),
(78, 21, 13, 'PM',            '2026-01-05', '2027-06-30'),
(79, 21, 39, '풀스택 개발',   '2026-01-05', '2027-06-30'),
(80, 21, 40, '백엔드 개발',   '2026-02-01', '2027-06-30');

-- ── 산출물 ────────────────────────────────────────────────
INSERT INTO `output` (id, project_id, output_type, output_name) VALUES
(1,  1, '소프트웨어', 'ERP 웹 애플리케이션'),
(2,  1, '문서',       '요구사항 명세서'),
(3,  2, '소프트웨어', '모바일 결제 앱'),
(4,  2, '문서',       'API 설계 문서'),
(5,  3, '소프트웨어', '물류 관리 시스템'),
(6,  3, '문서',       '운영 매뉴얼'),
(7,  4, '소프트웨어', '통합 CRM 시스템'),
(8,  4, '문서',       'DB 설계서'),
(9,  5, '소프트웨어', '빅데이터 분석 엔진'),
(10, 5, '소프트웨어', '분석 대시보드'),
(11, 6, '문서',       '마이그레이션 가이드'),
(12, 6, '소프트웨어', '클라우드 인프라 구성');

-- ── 평가 (완료 프로젝트 P1~P6, 각 4건) ──────────────────
INSERT INTO `evaluation` (id, participation_id, participation_category) VALUES
-- P1
(1,  2,  '업무 수행'),   (2,  1,  '업무 수행'),   (3,  3,  '커뮤니케이션'), (4,  4,  '업무 수행'),
-- P2
(5,  7,  '업무 수행'),   (6,  6,  '업무 수행'),   (7,  8,  '커뮤니케이션'), (8,  9,  '업무 수행'),
-- P3
(9,  12, '업무 수행'),   (10, 11, '업무 수행'),   (11, 13, '커뮤니케이션'), (12, 14, '업무 수행'),
-- P4
(13, 17, '업무 수행'),   (14, 16, '업무 수행'),   (15, 18, '커뮤니케이션'), (16, 19, '업무 수행'),
-- P5
(17, 22, '업무 수행'),   (18, 21, '업무 수행'),   (19, 23, '커뮤니케이션'), (20, 24, '업무 수행'),
-- P6
(21, 27, '업무 수행'),   (22, 26, '업무 수행'),   (23, 28, '커뮤니케이션'), (24, 29, '업무 수행');

-- ── 평가 항목 ─────────────────────────────────────────────
INSERT INTO `evaluation_item` (id, evaluation_id, rate, content) VALUES
(1,  1,  4.50, '백엔드 아키텍처 설계 역량이 탁월합니다.'),
(2,  2,  4.70, 'PM으로서 일정 관리 및 팀 조율이 우수합니다.'),
(3,  3,  4.20, '팀원들과의 원활한 커뮤니케이션이 돋보입니다.'),
(4,  4,  4.30, '요구사항 분석 및 설계 능력이 우수합니다.'),
(5,  5,  4.60, '결제 모듈 구현 품질이 매우 높습니다.'),
(6,  6,  4.40, '프로젝트 전체 일정 준수 및 위험 관리 우수.'),
(7,  7,  4.10, '이해관계자와의 소통을 잘 조율하였습니다.'),
(8,  8,  3.90, '백엔드 API 개발을 기한 내 완료하였습니다.'),
(9,  9,  4.55, '물류 시스템 성능 최적화에 크게 기여.'),
(10, 10, 4.80, 'PM 역할 수행이 탁월하며 팀 사기를 높임.'),
(11, 11, 4.00, '기술 문서 작성 및 공유 능력이 뛰어납니다.'),
(12, 12, 4.25, '프론트엔드 UI 완성도가 높습니다.'),
(13, 13, 4.35, 'CRM 핵심 기능 구현 완성도가 우수합니다.'),
(14, 14, 4.65, 'PM으로서 고객 요구사항 조율 능력이 탁월.'),
(15, 15, 4.15, '팀 내 코드 리뷰 문화를 정착시켰습니다.'),
(16, 16, 4.45, 'DB 설계 및 쿼리 최적화 능력이 우수합니다.'),
(17, 17, 4.70, '대용량 데이터 처리 파이프라인 설계 탁월.'),
(18, 18, 4.50, 'PM으로서 기술 스택 결정 및 일정 관리 우수.'),
(19, 19, 4.20, '데이터 시각화 대시보드 품질이 높습니다.'),
(20, 20, 4.00, '분석 결과 리포트 작성 능력이 우수합니다.'),
(21, 21, 4.60, '클라우드 인프라 구성 전문성이 탁월합니다.'),
(22, 22, 4.75, 'PM으로서 마이그레이션 전략 수립이 우수.'),
(23, 23, 4.30, '기술 이슈 발생 시 즉각적인 소통 능력 우수.'),
(24, 24, 4.10, '서버 마이그레이션 작업을 안정적으로 수행.');

-- ── 고객사 평가 ───────────────────────────────────────────
INSERT INTO `customer_evaluation` (id, customer_id) VALUES
(1, 1), (5, 2), (9, 3), (13, 4), (17, 5), (21, 6);

-- ── PM 평가 ───────────────────────────────────────────────
INSERT INTO `pm_evaluation` (id, pm_id) VALUES
(2, 12), (6, 13), (10, 12), (14, 13), (18, 14), (22, 15);

-- ── 동료 평가 ─────────────────────────────────────────────
INSERT INTO `partner_evaluation` (id, partner_id) VALUES
(3, 14), (4, 19), (7, 16), (8, 21), (11, 18), (12, 23),
(15, 26), (16, 27), (19, 30), (20, 31), (23, 34), (24, 35);

-- ── 스터디 (6개) ──────────────────────────────────────────
INSERT INTO `study` (id, study_name, category) VALUES
(1, '알고리즘 마스터 스터디',      '알고리즘'),
(2, '클라우드 아키텍처 스터디',    '클라우드'),
(3, 'AI/ML 실전 스터디',          'AI/ML'),
(4, '사이버 보안 스터디',          '보안'),
(5, '프론트엔드 심화 스터디',      '프론트엔드'),
(6, '데이터베이스 최적화 스터디',  '데이터베이스');

-- ── 스터디 참여 ───────────────────────────────────────────
INSERT INTO `study_participation` (id, study_id, employee_id) VALUES
(1,  1, 11), (2,  1, 19), (3,  1, 20), (4,  1, 21), (5,  1, 22), (6,  1, 23),
(7,  2, 12), (8,  2, 13), (9,  2, 14), (10, 2, 15), (11, 2, 16), (12, 2, 17),
(13, 3, 18), (14, 3, 24), (15, 3, 25), (16, 3, 26), (17, 3, 27), (18, 3, 28),
(19, 4, 29), (20, 4, 30), (21, 4, 31), (22, 4, 32), (23, 4, 33), (24, 4, 34),
(25, 5, 35), (26, 5, 36), (27, 5, 37), (28, 5, 38), (29, 5, 39), (30, 5, 40),
(31, 6, 11), (32, 6, 41), (33, 6, 42), (34, 6, 43), (35, 6, 44), (36, 6, 45);

-- ── 스터디 활동 이력 (스터디당 6개) ──────────────────────
INSERT INTO `study_activity_history` (id, study_id, activity_date, content) VALUES
(1,  1, '2026-01-10', 'BFS/DFS 기본 개념 정리 및 문제 풀이'),
(2,  1, '2026-01-24', '동적 프로그래밍 핵심 패턴 학습'),
(3,  1, '2026-02-07', '그리디 알고리즘 실전 문제 풀이'),
(4,  1, '2026-02-21', '그래프 탐색 심화 문제 토론'),
(5,  1, '2026-03-07', '트리 자료구조 및 세그먼트 트리'),
(6,  1, '2026-03-21', '최단경로 알고리즘 종합 복습'),
(7,  2, '2026-01-08', 'AWS EC2/S3/RDS 아키텍처 설계 실습'),
(8,  2, '2026-01-22', 'Kubernetes 클러스터 구성 및 배포'),
(9,  2, '2026-02-05', 'Terraform IaC 실전 적용'),
(10, 2, '2026-02-19', 'MSA 설계 패턴 및 서비스 메쉬'),
(11, 2, '2026-03-05', 'CI/CD 파이프라인 구성 실습'),
(12, 2, '2026-03-19', '멀티 클라우드 전략 및 비용 최적화'),
(13, 3, '2026-01-09', 'PyTorch 기초 및 신경망 구현'),
(14, 3, '2026-01-23', 'CNN을 이용한 이미지 분류 실습'),
(15, 3, '2026-02-06', 'NLP 기초 및 트랜스포머 모델'),
(16, 3, '2026-02-20', '강화학습 개념 및 Q-Learning 실습'),
(17, 3, '2026-03-06', 'MLOps 파이프라인 구성 실습'),
(18, 3, '2026-03-20', 'LLM 파인튜닝 및 RAG 구현'),
(19, 4, '2026-01-11', 'OWASP Top 10 취약점 분석'),
(20, 4, '2026-01-25', '네트워크 패킷 분석 실습'),
(21, 4, '2026-02-08', 'SQL Injection 및 XSS 대응'),
(22, 4, '2026-02-22', '암호화 알고리즘 및 PKI 이해'),
(23, 4, '2026-03-08', '침투 테스트 실습'),
(24, 4, '2026-03-22', '보안 아키텍처 설계 패턴'),
(25, 5, '2026-01-12', 'React 18 새 기능 및 Concurrent Mode'),
(26, 5, '2026-01-26', 'TypeScript 심화 타입 시스템'),
(27, 5, '2026-02-09', '성능 최적화 및 Web Vitals 개선'),
(28, 5, '2026-02-23', '상태 관리 라이브러리 비교 분석'),
(29, 5, '2026-03-09', '마이크로 프론트엔드 아키텍처'),
(30, 5, '2026-03-23', '웹 접근성 및 반응형 디자인'),
(31, 6, '2026-01-13', 'MySQL 실행 계획 분석 및 인덱스 최적화'),
(32, 6, '2026-01-27', '파티셔닝 및 샤딩 전략'),
(33, 6, '2026-02-10', '트랜잭션 격리 수준 및 락 메커니즘'),
(34, 6, '2026-02-24', 'NoSQL 데이터 모델링 패턴'),
(35, 6, '2026-03-10', '쿼리 최적화 실전 워크샵'),
(36, 6, '2026-03-24', '분산 데이터베이스 설계 원칙');

-- ── 세미나 (4개) ──────────────────────────────────────────
INSERT INTO `seminar` (id, seminar_name, topic, date_time) VALUES
(1, '최신 AI 트렌드 세미나',   'AI/ML',          '2026-02-15 14:00:00'),
(2, '클린 코드 워크샵',        '소프트웨어 설계', '2026-03-20 10:00:00'),
(3, 'DevOps 실전 가이드',      'DevOps/CI/CD',   '2026-04-10 13:00:00'),
(4, '클라우드 보안 세미나',    '클라우드 보안',   '2026-05-08 14:00:00');

-- ── 세미나 참여 ───────────────────────────────────────────
INSERT INTO `seminar_participation` (id, seminar_id, employee_id) VALUES
(1,  1, 1),  (2,  1, 11), (3,  1, 12), (4,  1, 14), (5,  1, 19),
(6,  1, 20), (7,  1, 5),  (8,  1, 6),
(9,  2, 13), (10, 2, 15), (11, 2, 22), (12, 2, 23), (13, 2, 24),
(14, 2, 7),  (15, 2, 8),
(16, 3, 1),  (17, 3, 16), (18, 3, 17), (19, 3, 25), (20, 3, 26),
(21, 3, 27), (22, 3, 28),
(23, 4, 1),  (24, 4, 11), (25, 4, 18), (26, 4, 29), (27, 4, 30),
(28, 4, 31), (29, 4, 32);

-- ── 세미나 평가 ───────────────────────────────────────────
INSERT INTO `seminar_evaluation` (id, seminar_id, employee_id, rating, comment) VALUES
(1,  1, 1,  4.80, '최신 AI 기술 동향을 실무 관점에서 매우 잘 설명해주었습니다.'),
(2,  1, 11, 4.50, 'LLM 활용 사례 발표가 인상적이었습니다.'),
(3,  1, 12, 4.30, '실무 적용 방법론에 대한 깊이 있는 논의가 좋았습니다.'),
(4,  1, 14, 4.20, 'AI 기반 서비스 아키텍처 설계 내용이 유익했습니다.'),
(5,  2, 13, 4.70, '클린 코드 원칙을 실습으로 배울 수 있어 매우 유익했습니다.'),
(6,  2, 15, 4.40, '리팩토링 실습이 실무에 바로 적용 가능했습니다.'),
(7,  2, 22, 4.60, '코드 리뷰 문화 정착 방법에 대한 논의가 좋았습니다.'),
(8,  3, 1,  4.90, '전사 DevOps 도입에 대한 인사이트를 얻었습니다.'),
(9,  3, 16, 4.60, 'CI/CD 파이프라인 구성 실습이 실무에 바로 적용 가능했습니다.'),
(10, 3, 17, 4.50, 'GitOps 전략 발표가 매우 실용적이었습니다.'),
(11, 4, 1,  4.80, '클라우드 보안 정책 수립에 실질적인 도움이 되었습니다.'),
(12, 4, 11, 4.40, '제로트러스트 아키텍처 설명이 명확했습니다.'),
(13, 4, 18, 4.30, '실제 침해 사례 분석이 인상적이었습니다.');

-- ── 휴가 기록 (2026년 연가, 40건, 10명 대상) ────────────
-- 대상: 1(이경주), 11(허건), 9(장지민), 12(이준호), 14(김태현),
--       19(윤현석), 23(오수현), 31(전성호), 65(정도훈), 83(문재훈)
INSERT INTO `leave_records` (id, employee_id, leave_type, start_date, end_date) VALUES
-- 이경주(1): 5건
(1,  1, '연가', '2026-01-05', '2026-01-06'),
(2,  1, '연가', '2026-02-09', '2026-02-10'),
(3,  1, '연가', '2026-03-16', '2026-03-17'),
(4,  1, '연가', '2026-04-13', '2026-04-14'),
(5,  1, '연가', '2026-05-11', '2026-05-12'),
-- 허건(11): 5건
(6,  11, '연가', '2026-01-12', '2026-01-14'),
(7,  11, '연가', '2026-02-16', '2026-02-17'),
(8,  11, '연가', '2026-03-23', '2026-03-25'),
(9,  11, '연가', '2026-04-20', '2026-04-21'),
(10, 11, '연가', '2026-05-04', '2026-05-05'),
-- 장지민(9): 4건
(11, 9, '연가', '2026-01-19', '2026-01-20'),
(12, 9, '연가', '2026-02-23', '2026-02-24'),
(13, 9, '연가', '2026-03-30', '2026-03-31'),
(14, 9, '연가', '2026-04-27', '2026-04-28'),
-- 이준호(12): 4건
(15, 12, '연가', '2026-01-26', '2026-01-28'),
(16, 12, '연가', '2026-03-02', '2026-03-03'),
(17, 12, '연가', '2026-04-06', '2026-04-07'),
(18, 12, '연가', '2026-05-04', '2026-05-06'),
-- 김태현(14): 4건
(19, 14, '연가', '2026-02-02', '2026-02-03'),
(20, 14, '연가', '2026-03-09', '2026-03-10'),
(21, 14, '연가', '2026-04-13', '2026-04-15'),
(22, 14, '연가', '2026-05-18', '2026-05-19'),
-- 윤현석(19): 4건
(23, 19, '연가', '2026-01-26', '2026-01-27'),
(24, 19, '연가', '2026-02-23', '2026-02-24'),
(25, 19, '연가', '2026-03-30', '2026-03-31'),
(26, 19, '연가', '2026-04-27', '2026-04-28'),
-- 오수현(23): 4건
(27, 23, '연가', '2026-02-09', '2026-02-10'),
(28, 23, '연가', '2026-03-16', '2026-03-18'),
(29, 23, '연가', '2026-04-20', '2026-04-22'),
(30, 23, '연가', '2026-05-11', '2026-05-12'),
-- 전성호(31): 4건
(31, 31, '연가', '2026-01-12', '2026-01-13'),
(32, 31, '연가', '2026-02-16', '2026-02-18'),
(33, 31, '연가', '2026-03-23', '2026-03-24'),
(34, 31, '연가', '2026-04-27', '2026-04-29'),
-- 정도훈(65): 4건
(35, 65, '연가', '2026-01-19', '2026-01-20'),
(36, 65, '연가', '2026-02-23', '2026-02-25'),
(37, 65, '연가', '2026-03-30', '2026-04-01'),
(38, 65, '연가', '2026-05-04', '2026-05-05'),
-- 문재훈(83): 2건
(39, 83, '연가', '2026-02-02', '2026-02-04'),
(40, 83, '연가', '2026-04-06', '2026-04-08');
